Unnamed: 0,Student ID,Well versed with the subject,Explains concepts in an understandable way,Use of presentations,Degree of difficulty of assignments,Solves doubts willingly,Structuring of the course,Provides support for students going above and beyond,Course recommendation based on relevance,Student ID_category,Well versed with the subject_category,Explains concepts in an understandable way_category,Use of presentations_category,Degree of difficulty of assignments_category,Solves doubts willingly_category,Structuring of the course_category,Provides support for students going above and beyond_category,Course recommendation based on relevance_category
0,340,5,2,7,6,9,2,1,8,High,Medium,Low,Medium,Medium,High,Low,Low,High
1,253,6,5,8,6,2,1,2,9,High,Medium,Medium,High,Medium,Low,Low,Low,High
2,680,7,7,6,5,4,2,3,1,High,Medium,Medium,Medium,Medium,Low,Low,Low,Low
3,806,9,6,7,1,5,9,4,6,High,High,Medium,Medium,Low,Medium,High,Low,Medium
4,632,8,10,8,4,6,6,9,9,High,High,High,High,Low,Medium,Medium,High,High
5,832,7,2,7,8,3,5,1,4,High,Medium,Low,Medium,High,Low,Medium,Low,Low
6,772,9,3,5,2,10,3,8,1,High,High,Low,Medium,Low,High,Low,High,Low
7,961,9,8,7,4,4,3,3,10,High,High,High,Medium,Low,Low,Low,Low,High
8,814,6,5,8,6,4,4,7,9,High,Medium,Medium,High,Medium,Low,Low,Medium,High
9,863,5,9,4,7,9,4,4,5,High,Medium,High,Low,Medium,High,Low,Low,Medium
10,576,10,3,8,6,6,3,6,9,High,High,Low,High,Medium,Medium,Low,Medium,High
11,702,8,4,7,1,2,1,8,8,High,High,Low,Medium,Low,Low,Low,High,High
12,541,5,4,4,2,2,7,8,1,High,Medium,Low,Low,Low,Low,Medium,High,Low
13,552,5,6,7,2,7,4,4,2,High,Medium,Medium,Medium,Low,Medium,Low,Low,Low
14,510,6,7,8,3,4,7,7,6,High,Medium,Medium,High,Low,Low,Medium,Medium,Medium
15,159,7,7,6,6,3,9,3,1,High,Medium,Medium,Medium,Medium,Low,High,Low,Low
16,223,9,10,4,5,7,10,10,6,High,High,High,Low,Medium,Medium,High,High,Medium
17,807,8,3,4,2,2,4,6,1,High,High,Low,Low,Low,Low,Low,Medium,Low
18,525,9,9,4,3,5,5,9,2,High,High,High,Low,Low,Medium,Medium,High,Low
19,799,5,6,5,4,2,1,1,7,High,Medium,Medium,Medium,Low,Low,Low,Low,Medium
20,24,9,10,6,10,2,10,1,9,High,High,High,Medium,High,Low,High,Low,High
21,509,8,2,7,5,2,3,4,4,High,High,Low,Medium,Medium,Low,Low,Low,Low
22,797,9,10,4,10,9,2,10,7,High,High,High,Low,High,High,Low,High,Medium
23,418,8,8,6,7,9,5,2,8,High,High,High,Medium,Medium,High,Medium,Low,High
24,48,5,5,4,2,1,10,10,9,High,Medium,Medium,Low,Low,Low,High,High,High
25,657,9,5,7,3,2,8,10,6,High,High,Medium,Medium,Low,Low,High,High,Medium
26,864,9,8,5,2,3,9,2,8,High,High,High,Medium,Low,Low,High,Low,High
27,861,5,6,4,5,4,4,6,6,High,Medium,Medium,Low,Medium,Low,Low,Medium,Medium
28,118,9,10,7,7,4,6,9,1,High,High,High,Medium,Medium,Low,Medium,High,Low
29,387,7,3,8,1,6,8,6,8,High,Medium,Low,High,Low,Medium,High,Medium,High
30,282,5,6,7,3,8,1,1,9,High,Medium,Medium,Medium,Low,High,Low,Low,High
31,503,8,6,6,3,3,6,4,10,High,High,Medium,Medium,Low,Low,Medium,Low,High
32,934,5,6,4,6,10,3,4,10,High,Medium,Medium,Low,Medium,High,Low,Low,High
33,781,8,3,4,5,1,8,10,5,High,High,Low,Low,Medium,Low,High,High,Medium
34,898,10,10,4,3,5,4,2,1,High,High,High,Low,Low,Medium,Low,Low,Low
35,474,8,3,7,6,4,3,7,7,High,High,Low,Medium,Medium,Low,Low,Medium,Medium
36,704,9,9,8,6,8,4,8,5,High,High,High,High,Medium,High,Low,High,Medium
37,977,9,5,4,4,6,3,1,9,High,High,Medium,Low,Low,Medium,Low,Low,High
38,454,9,6,6,1,10,8,10,7,High,High,Medium,Medium,Low,High,High,High,Medium
39,295,5,7,6,3,1,7,2,9,High,Medium,Medium,Medium,Low,Low,Medium,Low,High
40,35,10,6,4,5,6,2,3,1,High,High,Medium,Low,Medium,Medium,Low,Low,Low
41,304,9,9,4,6,5,1,7,2,High,High,High,Low,Medium,Medium,Low,Medium,Low
42,56,6,9,6,8,9,6,2,4,High,Medium,High,Medium,High,High,Medium,Low,Low
43,922,8,10,7,4,5,9,3,5,High,High,High,Medium,Low,Medium,High,Low,Medium
44,569,10,7,6,9,2,6,2,5,High,High,Medium,Medium,High,Low,Medium,Low,Medium
45,186,6,4,4,4,6,9,10,10,High,Medium,Low,Low,Low,Medium,High,High,High
46,258,7,2,7,2,7,2,6,10,High,Medium,Low,Medium,Low,Medium,Low,Medium,High
47,560,8,7,8,3,8,7,4,8,High,High,Medium,High,Low,High,Medium,Low,High
48,621,10,4,5,1,5,10,1,10,High,High,Low,Medium,Low,Medium,High,Low,High
49,568,10,7,4,6,10,8,10,8,High,High,Medium,Low,Medium,High,High,High,High
50,393,6,9,8,7,5,8,1,4,High,Medium,High,High,Medium,Medium,High,Low,Low
51,12,8,10,7,2,8,9,6,6,High,High,High,Medium,Low,High,High,Medium,Medium
52,798,7,2,8,7,10,5,3,5,High,Medium,Low,High,Medium,High,Medium,Low,Medium
53,740,8,10,7,3,2,10,10,1,High,High,High,Medium,Low,Low,High,High,Low
54,184,10,9,8,6,4,8,8,9,High,High,High,High,Medium,Low,High,High,High
55,410,7,2,5,2,6,6,3,10,High,Medium,Low,Medium,Low,Medium,Medium,Low,High
56,480,10,6,7,8,5,3,1,5,High,High,Medium,Medium,High,Medium,Low,Low,Medium
57,84,7,4,6,10,7,7,8,9,High,Medium,Low,Medium,High,Medium,Medium,High,High
58,89,9,9,4,5,1,2,3,9,High,High,High,Low,Medium,Low,Low,Low,High
59,763,6,9,6,7,6,10,2,5,High,Medium,High,Medium,Medium,Medium,High,Low,Medium
60,86,7,8,6,8,3,10,2,7,High,Medium,High,Medium,High,Low,High,Low,Medium
61,867,6,4,6,4,2,7,5,3,High,Medium,Low,Medium,Low,Low,Medium,Medium,Low
62,248,6,6,4,6,6,6,2,3,High,Medium,Medium,Low,Medium,Medium,Medium,Low,Low
63,751,7,3,8,10,2,7,2,6,High,Medium,Low,High,High,Low,Medium,Low,Medium
64,522,6,9,8,10,9,5,3,6,High,Medium,High,High,High,High,Medium,Low,Medium
65,696,5,5,4,9,3,1,8,6,High,Medium,Medium,Low,High,Low,Low,High,Medium
66,274,8,2,4,7,10,8,5,8,High,High,Low,Low,Medium,High,High,Medium,High
67,921,9,7,5,10,10,9,6,4,High,High,Medium,Medium,High,High,High,Medium,Low
68,957,6,2,7,8,5,9,5,4,High,Medium,Low,Medium,High,Medium,High,Medium,Low
69,88,9,4,4,9,9,9,7,10,High,High,Low,Low,High,High,High,Medium,High
70,149,5,6,5,1,8,9,7,8,High,Medium,Medium,Medium,Low,High,High,Medium,High
71,737,7,9,4,5,5,2,2,1,High,Medium,High,Low,Medium,Medium,Low,Low,Low
72,891,7,2,4,9,6,9,7,9,High,Medium,Low,Low,High,Medium,High,Medium,High
73,1,9,6,8,7,6,5,3,10,Low,High,Medium,High,Medium,Medium,Medium,Low,High
74,868,7,9,7,2,6,2,9,4,High,Medium,High,Medium,Low,Medium,Low,High,Low
75,895,5,5,7,7,2,1,8,9,High,Medium,Medium,Medium,Medium,Low,Low,High,High
76,638,9,10,8,2,1,1,4,8,High,High,High,High,Low,Low,Low,Low,High
77,707,5,6,6,5,1,9,6,9,High,Medium,Medium,Medium,Medium,Low,High,Medium,High
78,432,9,9,6,8,2,3,2,4,High,High,High,Medium,High,Low,Low,Low,Low
79,988,7,4,6,7,6,9,7,1,High,Medium,Low,Medium,Medium,Medium,High,Medium,Low
80,742,7,7,8,2,1,1,8,1,High,Medium,Medium,High,Low,Low,Low,High,Low
81,730,6,5,4,5,6,6,7,2,High,Medium,Medium,Low,Medium,Medium,Medium,Medium,Low
82,321,5,7,6,2,3,5,3,5,High,Medium,Medium,Medium,Low,Low,Medium,Low,Medium
83,904,8,5,8,9,7,9,8,6,High,High,Medium,High,High,Medium,High,High,Medium
84,171,6,10,4,6,1,6,2,3,High,Medium,High,Low,Medium,Low,Medium,Low,Low
85,695,10,4,4,1,5,8,7,1,High,High,Low,Low,Low,Medium,High,Medium,Low
86,498,8,5,4,5,10,7,1,10,High,High,Medium,Low,Medium,High,Medium,Low,High
87,446,7,8,5,10,10,2,5,9,High,Medium,High,Medium,High,High,Low,Medium,High
88,982,9,10,7,5,6,6,1,5,High,High,High,Medium,Medium,Medium,Medium,Low,Medium
89,981,7,6,7,5,4,6,8,3,High,Medium,Medium,Medium,Medium,Low,Medium,High,Low
90,849,6,10,6,7,7,4,10,7,High,Medium,High,Medium,Medium,Medium,Low,High,Medium
91,297,7,10,6,8,10,10,2,8,High,Medium,High,Medium,High,High,High,Low,High
92,713,8,6,7,5,2,7,10,8,High,High,Medium,Medium,Medium,Low,Medium,High,High
93,192,8,4,8,6,3,5,1,5,High,High,Low,High,Medium,Low,Medium,Low,Medium
94,561,9,6,4,8,6,8,3,3,High,High,Medium,Low,High,Medium,High,Low,Low
95,364,6,6,7,9,6,4,7,6,High,Medium,Medium,Medium,High,Medium,Low,Medium,Medium
96,40,6,7,5,6,10,5,6,3,High,Medium,Medium,Medium,Medium,High,Medium,Medium,Low
97,521,5,9,4,2,1,8,3,7,High,Medium,High,Low,Low,Low,High,Low,Medium
98,201,8,2,8,9,8,8,9,4,High,High,Low,High,High,High,High,High,Low
99,780,6,4,4,10,6,5,6,8,High,Medium,Low,Low,High,Medium,Medium,Medium,High
100,853,7,9,4,8,9,4,10,2,High,Medium,High,Low,High,High,Low,High,Low
101,202,5,6,6,10,3,4,2,8,High,Medium,Medium,Medium,High,Low,Low,Low,High
102,421,6,3,8,10,6,8,7,9,High,Medium,Low,High,High,Medium,High,Medium,High
103,671,9,8,6,10,10,7,7,8,High,High,High,Medium,High,High,Medium,Medium,High
104,334,5,9,4,3,8,10,4,2,High,Medium,High,Low,Low,High,High,Low,Low
105,843,6,8,5,4,5,5,10,6,High,Medium,High,Medium,Low,Medium,Medium,High,Medium
106,57,10,7,6,10,4,4,2,4,High,High,Medium,Medium,High,Low,Low,Low,Low
107,353,6,7,5,3,6,6,7,5,High,Medium,Medium,Medium,Low,Medium,Medium,Medium,Medium
108,681,7,2,7,5,2,1,3,7,High,Medium,Low,Medium,Medium,Low,Low,Low,Medium
109,394,6,3,6,10,7,4,3,3,High,Medium,Low,Medium,High,Medium,Low,Low,Low
110,188,7,6,8,9,9,8,9,10,High,Medium,Medium,High,High,High,High,High,High
111,641,5,10,6,7,4,2,5,4,High,Medium,High,Medium,Medium,Low,Low,Medium,Low
112,544,10,7,8,4,6,5,7,8,High,High,Medium,High,Low,Medium,Medium,Medium,High
113,163,9,3,4,7,3,8,6,8,High,High,Low,Low,Medium,Low,High,Medium,High
114,283,9,2,6,1,2,10,5,5,High,High,Low,Medium,Low,Low,High,Medium,Medium
115,820,6,5,4,9,2,5,10,7,High,Medium,Medium,Low,High,Low,Medium,High,Medium
116,254,6,6,6,8,9,4,4,8,High,Medium,Medium,Medium,High,High,Low,Low,High
117,221,9,6,8,1,8,2,5,6,High,High,Medium,High,Low,High,Low,Medium,Medium
118,736,8,2,8,8,2,6,5,4,High,High,Low,High,High,Low,Medium,Medium,Low
119,280,9,10,4,7,7,3,5,4,High,High,High,Low,Medium,Medium,Low,Medium,Low
120,976,5,2,5,5,7,9,4,3,High,Medium,Low,Medium,Medium,Medium,High,Low,Low
121,481,9,10,8,9,1,3,1,9,High,High,High,High,High,Low,Low,Low,High
122,80,7,6,4,1,5,6,1,8,High,Medium,Medium,Low,Low,Medium,Medium,Low,High
123,473,10,10,7,5,2,6,10,5,High,High,High,Medium,Medium,Low,Medium,High,Medium
124,762,10,7,5,7,8,9,3,4,High,High,Medium,Medium,Medium,High,High,Low,Low
125,385,5,2,6,7,3,2,10,1,High,Medium,Low,Medium,Medium,Low,Low,High,Low
126,195,9,7,5,5,10,10,5,1,High,High,Medium,Medium,Medium,High,High,Medium,Low
127,144,8,6,5,6,3,8,2,6,High,High,Medium,Medium,Medium,Low,High,Low,Medium
128,767,10,10,8,3,9,6,4,8,High,High,High,High,Low,High,Medium,Low,High
129,300,6,8,4,5,5,9,5,4,High,Medium,High,Low,Medium,Medium,High,Medium,Low
130,580,5,2,5,8,6,5,4,9,High,Medium,Low,Medium,High,Medium,Medium,Low,High
131,216,5,9,8,2,4,8,9,10,High,Medium,High,High,Low,Low,High,High,High
132,583,9,3,4,6,5,3,8,7,High,High,Low,Low,Medium,Medium,Low,High,Medium
133,881,7,9,5,9,4,5,4,8,High,Medium,High,Medium,High,Low,Medium,Low,High
134,488,8,8,6,9,7,4,6,1,High,High,High,Medium,High,Medium,Low,Medium,Low
135,892,5,8,8,9,6,9,10,6,High,Medium,High,High,High,Medium,High,High,Medium
136,152,7,2,5,1,5,10,5,6,High,Medium,Low,Medium,Low,Medium,High,Medium,Medium
137,925,7,10,6,7,9,10,1,3,High,Medium,High,Medium,Medium,High,High,Low,Low
138,729,9,9,8,7,5,4,5,5,High,High,High,High,Medium,Medium,Low,Medium,Medium
139,647,5,5,8,8,9,6,9,8,High,Medium,Medium,High,High,High,Medium,High,High
140,686,8,6,5,5,2,6,5,8,High,High,Medium,Medium,Medium,Low,Medium,Medium,High
141,93,9,10,6,4,9,6,7,8,High,High,High,Medium,Low,High,Medium,Medium,High
142,485,8,4,7,1,4,7,1,4,High,High,Low,Medium,Low,Low,Medium,Low,Low
143,59,5,8,5,6,10,3,4,10,High,Medium,High,Medium,Medium,High,Low,Low,High
144,907,10,4,7,6,1,2,5,1,High,High,Low,Medium,Medium,Low,Low,Medium,Low
145,158,10,6,5,6,2,10,3,8,High,High,Medium,Medium,Medium,Low,High,Low,High
146,955,10,4,4,1,10,1,10,10,High,High,Low,Low,Low,High,Low,High,High
147,758,8,3,7,7,9,6,7,5,High,High,Low,Medium,Medium,High,Medium,Medium,Medium
148,605,6,4,4,4,7,5,5,2,High,Medium,Low,Low,Low,Medium,Medium,Medium,Low
149,475,10,6,4,9,3,1,6,7,High,High,Medium,Low,High,Low,Low,Medium,Medium
150,154,9,7,4,8,2,6,3,9,High,High,Medium,Low,High,Low,Medium,Low,High
151,79,6,4,6,6,6,4,9,10,High,Medium,Low,Medium,Medium,Medium,Low,High,High
152,36,10,6,5,2,1,9,9,6,High,High,Medium,Medium,Low,Low,High,High,Medium
153,562,6,3,6,7,8,7,4,1,High,Medium,Low,Medium,Medium,High,Medium,Low,Low
154,231,10,7,8,1,3,3,3,3,High,High,Medium,High,Low,Low,Low,Low,Low
155,869,8,7,6,2,9,4,1,7,High,High,Medium,Medium,Low,High,Low,Low,Medium
156,608,7,4,6,5,4,7,8,7,High,Medium,Low,Medium,Medium,Low,Medium,High,Medium
157,846,10,7,7,4,7,10,7,1,High,High,Medium,Medium,Low,Medium,High,Medium,Low
158,542,10,4,7,7,2,2,5,9,High,High,Low,Medium,Medium,Low,Low,Medium,High
159,941,9,3,7,2,9,7,3,1,High,High,Low,Medium,Low,High,Medium,Low,Low
160,919,10,2,8,5,6,3,8,5,High,High,Low,High,Medium,Medium,Low,High,Medium
161,352,6,2,6,3,5,3,8,6,High,Medium,Low,Medium,Low,Medium,Low,High,Medium
162,839,9,2,5,10,4,4,9,1,High,High,Low,Medium,High,Low,Low,High,Low
163,266,8,8,5,6,6,8,2,2,High,High,High,Medium,Medium,Medium,High,Low,Low
164,298,8,4,8,9,7,1,7,3,High,High,Low,High,High,Medium,Low,Medium,Low
165,929,10,2,6,1,1,9,9,7,High,High,Low,Medium,Low,Low,High,High,Medium
166,574,6,4,8,5,9,5,7,10,High,Medium,Low,High,Medium,High,Medium,Medium,High
167,250,5,7,7,3,1,6,3,1,High,Medium,Medium,Medium,Low,Low,Medium,Low,Low
168,616,9,8,6,9,6,3,5,8,High,High,High,Medium,High,Medium,Low,Medium,High
169,164,8,5,7,10,8,9,10,1,High,High,Medium,Medium,High,High,High,High,Low
170,827,6,3,4,9,7,8,7,6,High,Medium,Low,Low,High,Medium,High,Medium,Medium
171,228,7,6,6,1,6,6,6,9,High,Medium,Medium,Medium,Low,Medium,Medium,Medium,High
172,787,10,10,5,10,1,9,3,8,High,High,High,Medium,High,Low,High,Low,High
173,317,8,8,4,1,10,10,9,1,High,High,High,Low,Low,High,High,High,Low
174,110,9,6,4,1,4,7,9,5,High,High,Medium,Low,Low,Low,Medium,High,Medium
175,165,6,2,6,2,2,10,2,2,High,Medium,Low,Medium,Low,Low,High,Low,Low
176,701,5,9,7,1,9,9,1,9,High,Medium,High,Medium,Low,High,High,Low,High
177,362,7,9,6,7,4,8,1,2,High,Medium,High,Medium,Medium,Low,High,Low,Low
178,890,8,7,5,3,9,1,4,5,High,High,Medium,Medium,Low,High,Low,Low,Medium
179,728,10,9,4,8,5,2,3,10,High,High,High,Low,High,Medium,Low,Low,High
180,466,9,8,5,5,6,2,10,4,High,High,High,Medium,Medium,Medium,Low,High,Low
181,709,9,3,6,4,4,8,10,1,High,High,Low,Medium,Low,Low,High,High,Low
182,482,10,3,4,3,10,1,8,5,High,High,Low,Low,Low,High,Low,High,Medium
183,406,9,10,6,1,6,1,9,2,High,High,High,Medium,Low,Medium,Low,High,Low
184,66,8,5,8,7,6,1,9,9,High,High,Medium,High,Medium,Medium,Low,High,High
185,862,6,5,6,5,7,2,10,8,High,Medium,Medium,Medium,Medium,Medium,Low,High,High
186,61,9,8,6,5,3,10,6,6,High,High,High,Medium,Medium,Low,High,Medium,Medium
187,111,7,9,7,1,10,10,3,10,High,Medium,High,Medium,Low,High,High,Low,High
188,147,6,8,4,6,9,6,8,7,High,Medium,High,Low,Medium,High,Medium,High,Medium
189,211,7,4,4,3,7,8,7,10,High,Medium,Low,Low,Low,Medium,High,Medium,High
190,996,6,5,6,10,8,7,8,4,High,Medium,Medium,Medium,High,High,Medium,High,Low
191,459,8,5,8,6,6,1,8,4,High,High,Medium,High,Medium,Medium,Low,High,Low
192,81,5,5,6,5,7,3,9,5,High,Medium,Medium,Medium,Medium,Medium,Low,High,Medium
193,288,5,9,6,9,4,4,2,6,High,Medium,High,Medium,High,Low,Low,Low,Medium
194,6,7,10,8,3,3,4,1,2,Medium,Medium,High,High,Low,Low,Low,Low,Low
195,547,6,6,8,5,1,2,2,8,High,Medium,Medium,High,Medium,Low,Low,Low,High
196,30,6,2,7,5,1,10,9,10,High,Medium,Low,Medium,Medium,Low,High,High,High
197,445,9,4,4,2,4,8,1,6,High,High,Low,Low,Low,Low,High,Low,Medium
198,591,6,9,8,5,10,6,2,10,High,Medium,High,High,Medium,High,Medium,Low,High
199,770,10,10,5,7,10,7,7,10,High,High,High,Medium,Medium,High,Medium,Medium,High
200,484,9,6,8,10,3,2,8,4,High,High,Medium,High,High,Low,Low,High,Low
201,180,8,4,4,1,6,9,6,1,High,High,Low,Low,Low,Medium,High,Medium,Low
202,946,5,5,5,6,1,3,10,5,High,Medium,Medium,Medium,Medium,Low,Low,High,Medium
203,901,9,8,6,1,2,9,8,2,High,High,High,Medium,Low,Low,High,High,Low
204,517,10,5,7,7,5,10,6,5,High,High,Medium,Medium,Medium,Medium,High,Medium,Medium
205,545,9,4,8,1,8,6,2,4,High,High,Low,High,Low,High,Medium,Low,Low
206,918,8,3,8,9,9,1,6,1,High,High,Low,High,High,High,Low,Medium,Low
207,652,8,3,4,8,3,2,2,3,High,High,Low,Low,High,Low,Low,Low,Low
208,471,10,10,4,8,2,2,4,7,High,High,High,Low,High,Low,Low,Low,Medium
209,323,6,8,7,5,4,1,9,3,High,Medium,High,Medium,Medium,Low,Low,High,Low
210,276,8,5,7,9,1,10,1,2,High,High,Medium,Medium,High,Low,High,Low,Low
211,672,7,8,5,6,5,10,5,10,High,Medium,High,Medium,Medium,Medium,High,Medium,High
212,337,10,7,6,8,9,5,1,1,High,High,Medium,Medium,High,High,Medium,Low,Low
213,468,7,7,8,4,2,1,5,10,High,Medium,Medium,High,Low,Low,Low,Medium,High
214,380,8,8,4,8,2,4,9,2,High,High,High,Low,High,Low,Low,High,Low
215,755,9,8,7,2,9,6,3,7,High,High,High,Medium,Low,High,Medium,Low,Medium
216,267,8,9,4,4,8,4,8,1,High,High,High,Low,Low,High,Low,High,Low
217,598,9,3,4,9,3,4,5,1,High,High,Low,Low,High,Low,Low,Medium,Low
218,128,6,2,6,1,9,3,9,2,High,Medium,Low,Medium,Low,High,Low,High,Low
219,444,8,2,6,10,7,2,4,8,High,High,Low,Medium,High,Medium,Low,Low,High
220,572,6,5,4,4,8,6,8,9,High,Medium,Medium,Low,Low,High,Medium,High,High
221,319,8,3,6,6,7,10,8,4,High,High,Low,Medium,Medium,Medium,High,High,Low
222,390,8,6,7,5,1,4,3,9,High,High,Medium,Medium,Medium,Low,Low,Low,High
223,176,10,2,6,7,4,10,1,3,High,High,Low,Medium,Medium,Low,High,Low,Low
224,883,7,4,4,2,8,6,7,4,High,Medium,Low,Low,Low,High,Medium,Medium,Low
225,831,5,2,8,3,5,10,7,7,High,Medium,Low,High,Low,Medium,High,Medium,Medium
226,220,10,5,8,7,9,7,2,7,High,High,Medium,High,Medium,High,Medium,Low,Medium
227,17,7,6,5,3,9,5,5,2,High,Medium,Medium,Medium,Low,High,Medium,Medium,Low
228,938,10,10,6,5,2,9,9,9,High,High,High,Medium,Medium,Low,High,High,High
229,651,8,7,6,3,9,10,6,1,High,High,Medium,Medium,Low,High,High,Medium,Low
230,953,5,10,8,10,6,4,6,4,High,Medium,High,High,High,Medium,Low,Medium,Low
231,902,5,8,6,10,4,5,5,9,High,Medium,High,Medium,High,Low,Medium,Medium,High
232,167,7,7,5,8,6,9,9,8,High,Medium,Medium,Medium,High,Medium,High,High,High
233,669,9,3,4,5,2,2,1,6,High,High,Low,Low,Medium,Low,Low,Low,Medium
234,859,8,3,5,9,10,3,1,6,High,High,Low,Medium,High,High,Low,Low,Medium
235,120,8,4,7,5,4,4,10,6,High,High,Low,Medium,Medium,Low,Low,High,Medium
236,293,10,4,7,1,6,7,7,4,High,High,Low,Medium,Low,Medium,Medium,Medium,Low
237,789,10,2,8,7,9,8,1,4,High,High,Low,High,Medium,High,High,Low,Low
238,182,5,2,7,2,3,6,1,9,High,Medium,Low,Medium,Low,Low,Medium,Low,High
239,369,10,5,4,4,3,7,4,10,High,High,Medium,Low,Low,Low,Medium,Low,High
240,207,6,8,6,7,9,7,2,5,High,Medium,High,Medium,Medium,High,Medium,Low,Medium
241,842,10,7,5,3,3,6,4,6,High,High,Medium,Medium,Low,Low,Medium,Low,Medium
242,38,5,8,7,6,10,8,9,5,High,Medium,High,Medium,Medium,High,High,High,Medium
243,495,5,4,7,9,6,10,5,9,High,Medium,Low,Medium,High,Medium,High,Medium,High
244,942,10,6,8,3,7,8,4,5,High,High,Medium,High,Low,Medium,High,Low,Medium
245,752,10,7,4,4,4,9,10,7,High,High,Medium,Low,Low,Low,High,High,Medium
246,940,7,3,6,9,10,8,3,5,High,Medium,Low,Medium,High,High,High,Low,Medium
247,648,5,7,7,9,6,3,10,3,High,Medium,Medium,Medium,High,Medium,Low,High,Low
248,125,6,2,4,5,9,7,7,7,High,Medium,Low,Low,Medium,High,Medium,Medium,Medium
249,516,10,2,8,9,2,3,3,1,High,High,Low,High,High,Low,Low,Low,Low
250,963,9,6,4,5,3,3,6,6,High,High,Medium,Low,Medium,Low,Low,Medium,Medium
251,215,5,6,6,2,1,9,5,8,High,Medium,Medium,Medium,Low,Low,High,Medium,High
252,823,7,5,8,3,4,3,1,10,High,Medium,Medium,High,Low,Low,Low,Low,High
253,840,5,7,5,6,9,9,10,6,High,Medium,Medium,Medium,Medium,High,High,High,Medium
254,429,8,3,5,1,8,1,8,9,High,High,Low,Medium,Low,High,Low,High,High
255,109,6,3,5,6,1,6,6,10,High,Medium,Low,Medium,Medium,Low,Medium,Medium,High
256,795,6,9,8,4,2,6,10,6,High,Medium,High,High,Low,Low,Medium,High,Medium
257,760,9,4,4,3,8,5,10,1,High,High,Low,Low,Low,High,Medium,High,Low
258,536,10,10,4,7,8,7,6,2,High,High,High,Low,Medium,High,Medium,Medium,Low
259,888,6,6,5,2,3,6,6,3,High,Medium,Medium,Medium,Low,Low,Medium,Medium,Low
260,719,10,10,8,7,6,10,6,4,High,High,High,High,Medium,Medium,High,Medium,Low
261,654,6,4,4,9,5,8,8,2,High,Medium,Low,Low,High,Medium,High,High,Low
262,947,7,3,8,1,5,9,7,2,High,Medium,Low,High,Low,Medium,High,Medium,Low
263,403,5,7,6,6,5,6,4,6,High,Medium,Medium,Medium,Medium,Medium,Medium,Low,Medium
264,124,9,9,7,9,1,9,4,3,High,High,High,Medium,High,Low,High,Low,Low
265,548,9,8,6,7,1,2,7,6,High,High,High,Medium,Medium,Low,Low,Medium,Medium
266,880,7,3,6,3,5,3,3,10,High,Medium,Low,Medium,Low,Medium,Low,Low,High
267,939,10,10,7,4,1,2,3,9,High,High,High,Medium,Low,Low,Low,Low,High
268,166,6,10,4,4,4,8,4,6,High,Medium,High,Low,Low,Low,High,Low,Medium
269,885,5,6,7,7,2,2,5,7,High,Medium,Medium,Medium,Medium,Low,Low,Medium,Medium
270,112,7,9,6,9,1,7,1,2,High,Medium,High,Medium,High,Low,Medium,Low,Low
271,811,8,8,8,6,1,4,9,1,High,High,High,High,Medium,Low,Low,High,Low
272,213,10,8,4,10,1,5,6,2,High,High,High,Low,High,Low,Medium,Medium,Low
273,375,10,4,4,1,3,4,7,9,High,High,Low,Low,Low,Low,Low,Medium,High
274,897,6,7,4,1,9,8,8,7,High,Medium,Medium,Low,Low,High,High,High,Medium
275,460,7,8,5,6,7,7,6,7,High,Medium,High,Medium,Medium,Medium,Medium,Medium,Medium
276,416,6,2,5,8,9,6,3,7,High,Medium,Low,Medium,High,High,Medium,Low,Medium
277,571,8,9,7,3,1,8,9,7,High,High,High,Medium,Low,Low,High,High,Medium
278,744,8,5,7,3,10,4,6,7,High,High,Medium,Medium,Low,High,Low,Medium,Medium
279,378,9,8,7,2,4,7,2,6,High,High,High,Medium,Low,Low,Medium,Low,Medium
280,121,5,9,5,2,4,5,6,6,High,Medium,High,Medium,Low,Low,Medium,Medium,Medium
281,462,10,4,8,5,4,6,4,7,High,High,Low,High,Medium,Low,Medium,Low,Medium
282,777,8,6,4,6,4,7,10,1,High,High,Medium,Low,Medium,Low,Medium,High,Low
283,845,5,10,6,8,4,4,4,5,High,Medium,High,Medium,High,Low,Low,Low,Medium
284,533,6,10,5,7,2,5,10,10,High,Medium,High,Medium,Medium,Low,Medium,High,High
285,450,5,2,6,2,4,5,1,4,High,Medium,Low,Medium,Low,Low,Medium,Low,Low
286,717,6,2,4,6,6,2,6,9,High,Medium,Low,Low,Medium,Medium,Low,Medium,High
287,469,10,8,6,1,3,5,8,10,High,High,High,Medium,Low,Low,Medium,High,High
288,670,7,7,8,1,6,1,2,1,High,Medium,Medium,High,Low,Medium,Low,Low,Low
289,137,8,2,5,2,4,9,7,8,High,High,Low,Medium,Low,Low,High,Medium,High
290,801,10,7,4,3,6,1,10,4,High,High,Medium,Low,Low,Medium,Low,High,Low
291,315,5,10,5,10,8,4,8,4,High,Medium,High,Medium,High,High,Low,High,Low
292,153,7,7,5,3,8,9,8,9,High,Medium,Medium,Medium,Low,High,High,High,High
293,190,8,6,7,5,6,4,3,8,High,High,Medium,Medium,Medium,Medium,Low,Low,High
294,22,7,9,4,1,2,8,10,4,High,Medium,High,Low,Low,Low,High,High,Low
295,949,9,8,7,1,7,6,9,4,High,High,High,Medium,Low,Medium,Medium,High,Low
296,523,10,2,6,9,7,5,10,9,High,High,Low,Medium,High,Medium,Medium,High,High
297,527,5,6,5,2,8,6,9,8,High,Medium,Medium,Medium,Low,High,Medium,High,High
298,461,7,10,7,6,6,8,4,9,High,Medium,High,Medium,Medium,Medium,High,Low,High
299,244,5,8,4,9,3,10,1,3,High,Medium,High,Low,High,Low,High,Low,Low
300,363,9,3,8,10,2,7,5,1,High,High,Low,High,High,Low,Medium,Medium,Low
301,610,8,10,6,8,2,1,5,1,High,High,High,Medium,High,Low,Low,Medium,Low
302,381,9,2,8,8,1,9,1,2,High,High,Low,High,High,Low,High,Low,Low
303,954,8,8,6,3,9,5,7,2,High,High,High,Medium,Low,High,Medium,Medium,Low
304,604,10,9,8,9,4,8,7,9,High,High,High,High,High,Low,High,Medium,High
305,414,10,6,4,8,2,9,9,3,High,High,Medium,Low,High,Low,High,High,Low
306,151,8,7,5,10,8,3,8,6,High,High,Medium,Medium,High,High,Low,High,Medium
307,721,6,9,4,1,4,10,10,9,High,Medium,High,Low,Low,Low,High,High,High
308,664,10,8,7,4,8,2,1,10,High,High,High,Medium,Low,High,Low,Low,High
309,956,7,2,6,5,2,3,8,7,High,Medium,Low,Medium,Medium,Low,Low,High,Medium
310,747,5,3,5,6,5,10,3,6,High,Medium,Low,Medium,Medium,Medium,High,Low,Medium
311,438,9,6,5,9,2,3,9,3,High,High,Medium,Medium,High,Low,Low,High,Low
312,975,5,10,4,8,7,6,8,3,High,Medium,High,Low,High,Medium,Medium,High,Low
313,277,5,6,8,7,2,7,1,10,High,Medium,Medium,High,Medium,Low,Medium,Low,High
314,312,7,2,7,6,6,3,7,2,High,Medium,Low,Medium,Medium,Medium,Low,Medium,Low
315,565,10,9,7,10,4,8,5,4,High,High,High,Medium,High,Low,High,Medium,Low
316,739,8,7,5,10,1,1,8,1,High,High,Medium,Medium,High,Low,Low,High,Low
317,584,8,8,5,8,6,6,9,4,High,High,High,Medium,High,Medium,Medium,High,Low
318,894,6,3,5,4,7,1,5,5,High,Medium,Low,Medium,Low,Medium,Low,Medium,Medium
319,270,9,10,5,9,6,4,7,7,High,High,High,Medium,High,Medium,Low,Medium,Medium
320,966,7,4,5,3,1,8,10,2,High,Medium,Low,Medium,Low,Low,High,High,Low
321,489,7,2,5,8,1,1,8,8,High,Medium,Low,Medium,High,Low,Low,High,High
322,665,6,3,4,2,8,5,8,5,High,Medium,Low,Low,Low,High,Medium,High,Medium
323,71,9,10,8,4,9,3,8,2,High,High,High,High,Low,High,Low,High,Low
324,603,7,2,7,1,7,7,1,7,High,Medium,Low,Medium,Low,Medium,Medium,Low,Medium
325,196,8,10,8,10,6,7,7,7,High,High,High,High,High,Medium,Medium,Medium,Medium
326,804,9,3,7,6,10,7,9,7,High,High,Low,Medium,Medium,High,Medium,High,Medium
327,837,5,10,4,1,4,8,9,1,High,Medium,High,Low,Low,Low,High,High,Low
328,530,6,5,4,9,1,2,3,6,High,Medium,Medium,Low,High,Low,Low,Low,Medium
329,720,6,6,6,9,10,4,6,7,High,Medium,Medium,Medium,High,High,Low,Medium,Medium
330,272,5,4,6,4,4,7,7,9,High,Medium,Low,Medium,Low,Low,Medium,Medium,High
331,984,5,10,6,4,2,10,4,6,High,Medium,High,Medium,Low,Low,High,Low,Medium
332,185,10,3,8,4,1,10,7,9,High,High,Low,High,Low,Low,High,Medium,High
333,487,6,6,4,2,10,10,1,9,High,Medium,Medium,Low,Low,High,High,Low,High
334,75,8,9,8,6,2,7,9,10,High,High,High,High,Medium,Low,Medium,High,High
335,718,6,3,6,7,6,6,2,6,High,Medium,Low,Medium,Medium,Medium,Medium,Low,Medium
336,496,10,7,4,6,10,5,3,6,High,High,Medium,Low,Medium,High,Medium,Low,Medium
337,630,5,5,4,8,3,6,6,8,High,Medium,Medium,Low,High,Low,Medium,Medium,High
338,637,8,10,5,6,10,8,2,2,High,High,High,Medium,Medium,High,High,Low,Low
339,360,9,9,8,2,3,1,8,6,High,High,High,High,Low,Low,Low,High,Medium
340,183,6,7,5,5,4,7,1,9,High,Medium,Medium,Medium,Medium,Low,Medium,Low,High
341,689,10,8,7,8,1,9,5,10,High,High,High,Medium,High,Low,High,Medium,High
342,236,6,9,6,4,1,2,8,4,High,Medium,High,Medium,Low,Low,Low,High,Low
343,768,6,6,6,3,5,9,8,3,High,Medium,Medium,Medium,Low,Medium,High,High,Low
344,316,7,2,7,8,6,4,2,9,High,Medium,Low,Medium,High,Medium,Low,Low,High
345,396,6,10,4,6,1,2,4,10,High,Medium,High,Low,Medium,Low,Low,Low,High
346,212,6,4,4,6,5,10,10,2,High,Medium,Low,Low,Medium,Medium,High,High,Low
347,830,9,7,7,10,7,8,6,4,High,High,Medium,Medium,High,Medium,High,Medium,Low
348,209,9,8,5,3,3,10,7,2,High,High,High,Medium,Low,Low,High,Medium,Low
349,62,7,4,4,5,3,10,2,1,High,Medium,Low,Low,Medium,Low,High,Low,Low
350,447,8,7,7,1,4,7,10,9,High,High,Medium,Medium,Low,Low,Medium,High,High
351,100,6,6,6,10,7,5,7,8,High,Medium,Medium,Medium,High,Medium,Medium,Medium,High
352,305,10,8,8,4,6,3,10,4,High,High,High,High,Low,Medium,Low,High,Low
353,494,10,6,6,6,4,10,2,9,High,High,Medium,Medium,Medium,Low,High,Low,High
354,328,10,6,5,4,6,10,8,2,High,High,Medium,Medium,Low,Medium,High,High,Low
355,854,8,2,8,4,6,2,4,7,High,High,Low,High,Low,Medium,Low,Low,Medium
356,866,5,10,4,8,3,7,4,5,High,Medium,High,Low,High,Low,Medium,Low,Medium
357,943,8,9,7,10,6,7,7,6,High,High,High,Medium,High,Medium,Medium,Medium,Medium
358,734,9,8,5,3,10,1,8,3,High,High,High,Medium,Low,High,Low,High,Low
359,189,9,3,6,2,3,8,10,7,High,High,Low,Medium,Low,Low,High,High,Medium
360,404,10,5,7,8,1,5,10,4,High,High,Medium,Medium,High,Low,Medium,High,Low
361,518,7,4,8,5,7,9,2,6,High,Medium,Low,High,Medium,Medium,High,Low,Medium
362,856,6,9,4,6,8,8,3,8,High,Medium,High,Low,Medium,High,High,Low,High
363,70,9,2,5,8,10,9,7,6,High,High,Low,Medium,High,High,High,Medium,Medium
364,457,7,4,8,2,3,6,8,4,High,Medium,Low,High,Low,Low,Medium,High,Low
365,148,5,4,4,4,8,10,5,5,High,Medium,Low,Low,Low,High,High,Medium,Medium
366,958,10,10,5,8,5,10,7,8,High,High,High,Medium,High,Medium,High,Medium,High
367,356,7,3,7,6,4,2,1,10,High,Medium,Low,Medium,Medium,Low,Low,Low,High
368,793,10,9,6,4,7,6,8,3,High,High,High,Medium,Low,Medium,Medium,High,Low
369,771,8,7,6,4,8,7,3,2,High,High,Medium,Medium,Low,High,Medium,Low,Low
370,452,5,6,7,9,7,8,6,1,High,Medium,Medium,Medium,High,Medium,High,Medium,Low
371,72,8,7,7,3,4,1,4,7,High,High,Medium,Medium,Low,Low,Low,Low,Medium
372,710,7,2,6,5,7,7,6,10,High,Medium,Low,Medium,Medium,Medium,Medium,Medium,High
373,980,6,3,7,1,5,4,9,4,High,Medium,Low,Medium,Low,Medium,Low,High,Low
374,145,6,8,4,6,1,3,2,7,High,Medium,High,Low,Medium,Low,Low,Low,Medium
375,960,6,9,6,1,3,3,5,8,High,Medium,High,Medium,Low,Low,Low,Medium,High
376,660,5,7,7,3,10,3,3,4,High,Medium,Medium,Medium,Low,High,Low,Low,Low
377,987,9,10,7,8,7,3,8,7,High,High,High,Medium,High,Medium,Low,High,Medium
378,534,9,5,7,5,2,6,10,8,High,High,Medium,Medium,Medium,Low,Medium,High,High
379,858,9,5,5,3,2,2,7,7,High,High,Medium,Medium,Low,Low,Low,Medium,Medium
380,324,10,5,5,2,2,5,7,6,High,High,Medium,Medium,Low,Low,Medium,Medium,Medium
381,884,7,4,7,10,5,1,7,4,High,Medium,Low,Medium,High,Medium,Low,Medium,Low
382,611,8,9,5,3,9,5,8,3,High,High,High,Medium,Low,High,Medium,High,Low
383,136,8,6,7,10,9,9,2,3,High,High,Medium,Medium,High,High,High,Low,Low
384,705,9,3,6,3,3,5,1,2,High,High,Low,Medium,Low,Low,Medium,Low,Low
385,991,7,4,5,8,9,8,5,1,High,Medium,Low,Medium,High,High,High,Medium,Low
386,676,9,8,5,7,4,10,2,6,High,High,High,Medium,Medium,Low,High,Low,Medium
387,769,9,8,8,8,1,1,8,5,High,High,High,High,High,Low,Low,High,Medium
388,246,7,10,8,8,4,10,3,8,High,Medium,High,High,High,Low,High,Low,High
389,644,9,6,8,2,7,6,4,6,High,High,Medium,High,Low,Medium,Medium,Low,Medium
390,263,7,9,4,7,9,8,10,7,High,Medium,High,Low,Medium,High,High,High,Medium
391,476,9,4,6,4,8,6,4,10,High,High,Low,Medium,Low,High,Medium,Low,High
392,697,7,7,6,1,8,10,5,2,High,Medium,Medium,Medium,Low,High,High,Medium,Low
393,95,7,2,5,5,9,6,8,3,High,Medium,Low,Medium,Medium,High,Medium,High,Low
394,688,8,6,7,5,6,1,4,10,High,High,Medium,Medium,Medium,Medium,Low,Low,High
395,633,8,2,4,7,4,6,7,4,High,High,Low,Low,Medium,Low,Medium,Medium,Low
396,241,8,3,8,8,10,1,8,6,High,High,Low,High,High,High,Low,High,Medium
397,524,9,8,4,6,10,1,9,10,High,High,High,Low,Medium,High,Low,High,High
398,504,9,4,5,6,6,1,7,10,High,High,Low,Medium,Medium,Medium,Low,Medium,High
399,417,9,6,7,9,5,1,7,2,High,High,Medium,Medium,High,Medium,Low,Medium,Low
400,554,6,6,8,2,4,6,4,10,High,Medium,Medium,High,Low,Low,Medium,Low,High
401,656,6,2,7,2,5,6,9,9,High,Medium,Low,Medium,Low,Medium,Medium,High,High
402,19,10,4,6,3,9,10,9,3,High,High,Low,Medium,Low,High,High,High,Low
403,275,8,5,4,9,5,5,8,10,High,High,Medium,Low,High,Medium,Medium,High,High
404,478,5,10,7,6,8,7,3,9,High,Medium,High,Medium,Medium,High,Medium,Low,High
405,132,6,9,5,8,10,3,2,10,High,Medium,High,Medium,High,High,Low,Low,High
406,515,8,3,5,10,3,4,9,4,High,High,Low,Medium,High,Low,Low,High,Low
407,44,8,9,5,3,6,9,4,9,High,High,High,Medium,Low,Medium,High,Low,High
408,388,6,10,4,5,6,4,4,9,High,Medium,High,Low,Medium,Medium,Low,Low,High
409,204,8,7,6,3,3,10,3,6,High,High,Medium,Medium,Low,Low,High,Low,Medium
410,338,5,2,4,6,9,10,9,4,High,Medium,Low,Low,Medium,High,High,High,Low
411,619,8,7,6,4,3,9,3,8,High,High,Medium,Medium,Low,Low,High,Low,High
412,205,8,4,4,2,1,7,9,7,High,High,Low,Low,Low,Low,Medium,High,Medium
413,39,7,3,7,10,6,4,8,2,High,Medium,Low,Medium,High,Medium,Low,High,Low
414,53,5,8,5,1,10,8,5,7,High,Medium,High,Medium,Low,High,High,Medium,Medium
415,58,9,3,7,1,2,3,10,7,High,High,Low,Medium,Low,Low,Low,High,Medium
416,157,9,6,8,2,8,4,4,3,High,High,Medium,High,Low,High,Low,Low,Low
417,28,8,6,6,9,9,9,4,7,High,High,Medium,Medium,High,High,High,Low,Medium
418,833,8,6,7,7,7,9,10,9,High,High,Medium,Medium,Medium,Medium,High,High,High
419,252,8,9,4,6,10,2,7,5,High,High,High,Low,Medium,High,Low,Medium,Medium
420,658,8,5,6,7,10,4,6,4,High,High,Medium,Medium,Medium,High,Low,Medium,Low
421,179,6,3,7,6,2,6,5,2,High,Medium,Low,Medium,Medium,Low,Medium,Medium,Low
422,851,9,6,4,10,2,1,3,10,High,High,Medium,Low,High,Low,Low,Low,High
423,809,7,8,7,5,10,2,8,8,High,Medium,High,Medium,Medium,High,Low,High,High
424,330,7,7,5,7,9,10,2,2,High,Medium,Medium,Medium,Medium,High,High,Low,Low
425,94,10,10,4,7,8,2,4,4,High,High,High,Low,Medium,High,Low,Low,Low
426,826,10,5,7,2,8,7,10,5,High,High,Medium,Medium,Low,High,Medium,High,Medium
427,227,9,3,6,4,7,4,4,7,High,High,Low,Medium,Low,Medium,Low,Low,Medium
428,1000,9,8,5,4,10,7,7,10,High,High,High,Medium,Low,High,Medium,Medium,High
429,114,10,9,7,1,8,4,4,2,High,High,High,Medium,Low,High,Low,Low,Low
430,251,5,9,6,9,6,4,5,2,High,Medium,High,Medium,High,Medium,Low,Medium,Low
431,613,5,6,6,3,9,4,2,9,High,Medium,Medium,Medium,Low,High,Low,Low,High
432,101,10,5,6,6,9,8,10,3,High,High,Medium,Medium,Medium,High,High,High,Low
433,871,7,8,7,10,10,7,2,2,High,Medium,High,Medium,High,High,Medium,Low,Low
434,551,6,3,5,7,3,1,9,10,High,Medium,Low,Medium,Medium,Low,Low,High,High
435,931,6,5,7,3,6,5,6,10,High,Medium,Medium,Medium,Low,Medium,Medium,Medium,High
436,49,8,7,8,8,1,1,8,3,High,High,Medium,High,High,Low,Low,High,Low
437,512,5,10,7,9,9,9,6,9,High,Medium,High,Medium,High,High,High,Medium,High
438,261,9,9,7,7,4,10,5,9,High,High,High,Medium,Medium,Low,High,Medium,High
439,754,6,9,4,4,3,10,2,10,High,Medium,High,Low,Low,Low,High,Low,High
440,345,8,2,8,9,10,10,9,5,High,High,Low,High,High,High,High,High,Medium
441,970,10,9,5,7,6,7,4,7,High,High,High,Medium,Medium,Medium,Medium,Low,Medium
442,990,6,9,6,4,9,5,10,8,High,Medium,High,Medium,Low,High,Medium,High,High
443,911,6,4,4,10,9,4,7,2,High,Medium,Low,Low,High,High,Low,Medium,Low
444,909,9,8,5,9,5,6,9,7,High,High,High,Medium,High,Medium,Medium,High,Medium
445,817,6,5,7,10,10,4,6,6,High,Medium,Medium,Medium,High,High,Low,Medium,Medium
446,733,10,10,5,1,4,1,3,4,High,High,High,Medium,Low,Low,Low,Low,Low
447,626,7,9,5,4,9,4,3,1,High,Medium,High,Medium,Low,High,Low,Low,Low
448,292,7,9,8,1,5,4,7,4,High,Medium,High,High,Low,Medium,Low,Medium,Low
449,82,5,10,8,4,4,10,5,5,High,Medium,High,High,Low,Low,High,Medium,Medium
450,355,10,8,5,6,5,10,1,8,High,High,High,Medium,Medium,Medium,High,Low,High
451,948,9,5,4,7,9,3,5,7,High,High,Medium,Low,Medium,High,Low,Medium,Medium
452,341,9,4,4,4,7,5,5,8,High,High,Low,Low,Low,Medium,Medium,Medium,High
453,952,7,9,5,7,8,8,10,5,High,Medium,High,Medium,Medium,High,High,High,Medium
454,711,7,3,4,6,3,7,6,4,High,Medium,Low,Low,Medium,Low,Medium,Medium,Low
455,635,7,3,8,6,7,4,10,5,High,Medium,Low,High,Medium,Medium,Low,High,Medium
456,850,5,8,7,4,8,7,8,6,High,Medium,High,Medium,Low,High,Medium,High,Medium
457,716,6,3,7,9,2,3,3,6,High,Medium,Low,Medium,High,Low,Low,Low,Medium
458,627,10,2,4,1,6,5,9,5,High,High,Low,Low,Low,Medium,Medium,High,Medium
459,661,6,10,4,3,8,2,7,6,High,Medium,High,Low,Low,High,Low,Medium,Medium
460,877,8,9,4,5,10,10,10,2,High,High,High,Low,Medium,High,High,High,Low
461,177,8,2,6,2,8,1,9,9,High,High,Low,Medium,Low,High,Low,High,High
462,322,8,10,7,3,3,3,1,5,High,High,High,Medium,Low,Low,Low,Low,Medium
463,914,9,2,4,2,4,2,2,9,High,High,Low,Low,Low,Low,Low,Low,High
464,486,10,9,5,1,4,10,6,9,High,High,High,Medium,Low,Low,High,Medium,High
465,723,6,10,5,3,10,3,6,4,High,Medium,High,Medium,Low,High,Low,Medium,Low
466,105,9,10,5,1,3,1,1,2,High,High,High,Medium,Low,Low,Low,Low,Low
467,52,6,10,4,1,7,3,10,2,High,Medium,High,Low,Low,Medium,Low,High,Low
468,436,9,9,4,10,1,10,10,2,High,High,High,Low,High,Low,High,High,Low
469,829,6,9,5,3,2,2,10,9,High,Medium,High,Medium,Low,Low,Low,High,High
470,753,5,10,8,7,5,10,9,7,High,Medium,High,High,Medium,Medium,High,High,Medium
471,130,7,9,5,9,3,2,5,4,High,Medium,High,Medium,High,Low,Low,Medium,Low
472,91,6,5,4,2,5,8,3,3,High,Medium,Medium,Low,Low,Medium,High,Low,Low
473,590,10,3,4,4,9,9,6,2,High,High,Low,Low,Low,High,High,Medium,Low
474,965,10,3,4,5,10,3,7,3,High,High,Low,Low,Medium,High,Low,Medium,Low
475,99,8,9,6,2,2,3,10,6,High,High,High,Medium,Low,Low,Low,High,Medium
476,912,7,10,7,10,2,7,5,7,High,Medium,High,Medium,High,Low,Medium,Medium,Medium
477,395,9,6,8,2,7,9,8,10,High,High,Medium,High,Low,Medium,High,High,High
478,923,6,3,5,6,9,4,10,3,High,Medium,Low,Medium,Medium,High,Low,High,Low
479,499,7,9,8,3,5,1,5,2,High,Medium,High,High,Low,Medium,Low,Medium,Low
480,115,5,5,7,1,3,8,1,10,High,Medium,Medium,Medium,Low,Low,High,Low,High
481,815,5,9,6,6,2,9,5,3,High,Medium,High,Medium,Medium,Low,High,Medium,Low
482,570,10,10,6,8,9,2,8,10,High,High,High,Medium,High,High,Low,High,High
483,825,9,7,8,1,3,2,9,3,High,High,Medium,High,Low,Low,Low,High,Low
484,620,9,5,8,2,8,10,8,8,High,High,Medium,High,Low,High,High,High,High
485,175,10,9,8,2,1,6,7,2,High,High,High,High,Low,Low,Medium,Medium,Low
486,358,5,7,4,3,3,10,3,4,High,Medium,Medium,Low,Low,Low,High,Low,Low
487,191,7,4,5,2,5,10,4,7,High,Medium,Low,Medium,Low,Medium,High,Low,Medium
488,492,6,5,8,10,3,8,3,2,High,Medium,Medium,High,High,Low,High,Low,Low
489,529,9,6,6,1,4,10,1,7,High,High,Medium,Medium,Low,Low,High,Low,Medium
490,389,5,5,8,6,2,3,5,7,High,Medium,Medium,High,Medium,Low,Low,Medium,Medium
491,878,6,5,8,4,10,3,9,10,High,Medium,Medium,High,Low,High,Low,High,High
492,368,7,9,8,3,2,7,4,1,High,Medium,High,High,Low,Low,Medium,Low,Low
493,122,7,5,5,3,9,6,9,2,High,Medium,Medium,Medium,Low,High,Medium,High,Low
494,332,9,2,7,2,8,7,4,10,High,High,Low,Medium,Low,High,Medium,Low,High
495,303,7,4,5,4,7,2,1,6,High,Medium,Low,Medium,Low,Medium,Low,Low,Medium
496,336,8,10,4,5,6,7,2,3,High,High,High,Low,Medium,Medium,Medium,Low,Low
497,588,6,6,4,10,10,10,3,9,High,Medium,Medium,Low,High,High,High,Low,High
498,609,10,9,4,4,1,5,9,10,High,High,High,Low,Low,Low,Medium,High,High
499,920,10,6,7,10,10,2,4,2,High,High,Medium,Medium,High,High,Low,Low,Low
500,370,9,4,7,10,1,10,2,7,High,High,Low,Medium,High,Low,High,Low,Medium
501,405,10,2,5,5,5,1,4,6,High,High,Low,Medium,Medium,Medium,Low,Low,Medium
502,779,10,8,6,3,8,8,7,8,High,High,High,Medium,Low,High,High,Medium,High
503,962,10,6,4,5,1,7,1,10,High,High,Medium,Low,Medium,Low,Medium,Low,High
504,268,10,6,5,9,9,1,8,6,High,High,Medium,Medium,High,High,Low,High,Medium
505,625,10,7,6,7,9,6,3,3,High,High,Medium,Medium,Medium,High,Medium,Low,Low
506,217,8,9,8,3,8,5,5,5,High,High,High,High,Low,High,Medium,Medium,Medium
507,479,10,10,4,6,5,9,2,3,High,High,High,Low,Medium,Medium,High,Low,Low
508,500,9,5,8,4,2,2,5,1,High,High,Medium,High,Low,Low,Low,Medium,Low
509,409,8,9,7,3,10,4,6,1,High,High,High,Medium,Low,High,Low,Medium,Low
510,546,7,7,5,1,9,8,1,1,High,Medium,Medium,Medium,Low,High,High,Low,Low
511,967,5,5,8,8,1,9,8,5,High,Medium,Medium,High,High,Low,High,High,Medium
512,343,8,4,7,1,10,8,2,6,High,High,Low,Medium,Low,High,High,Low,Medium
513,639,7,4,7,7,6,10,5,7,High,Medium,Low,Medium,Medium,Medium,High,Medium,Medium
514,402,6,8,6,9,4,8,5,7,High,Medium,High,Medium,High,Low,High,Medium,Medium
515,617,5,7,5,4,7,1,10,6,High,Medium,Medium,Medium,Low,Medium,Low,High,Medium
516,349,6,8,8,2,9,9,2,8,High,Medium,High,High,Low,High,High,Low,High
517,994,8,5,5,2,5,5,9,5,High,High,Medium,Medium,Low,Medium,Medium,High,Medium
518,279,5,10,7,1,4,4,9,4,High,Medium,High,Medium,Low,Low,Low,High,Low
519,926,10,7,5,1,1,6,6,1,High,High,Medium,Medium,Low,Low,Medium,Medium,Low
520,816,10,8,5,9,2,7,9,3,High,High,High,Medium,High,Low,Medium,High,Low
521,765,8,7,8,5,7,7,7,7,High,High,Medium,High,Medium,Medium,Medium,Medium,Medium
522,160,10,6,5,4,2,10,4,7,High,High,Medium,Medium,Low,Low,High,Low,Medium
523,606,8,3,8,1,6,4,8,9,High,High,Low,High,Low,Medium,Low,High,High
524,602,5,3,6,2,8,10,3,1,High,Medium,Low,Medium,Low,High,High,Low,Low
525,893,10,6,8,1,1,10,1,3,High,High,Medium,High,Low,Low,High,Low,Low
526,810,9,6,7,3,5,9,10,5,High,High,Medium,Medium,Low,Medium,High,High,Medium
527,802,8,2,6,6,3,8,7,7,High,High,Low,Medium,Medium,Low,High,Medium,Medium
528,162,6,2,5,2,10,2,8,8,High,Medium,Low,Medium,Low,High,Low,High,High
529,449,5,7,8,9,3,2,7,10,High,Medium,Medium,High,High,Low,Low,Medium,High
530,463,7,8,7,8,1,4,4,1,High,Medium,High,Medium,High,Low,Low,Low,Low
531,41,5,3,5,9,3,1,8,8,High,Medium,Low,Medium,High,Low,Low,High,High
532,838,6,3,6,8,7,1,8,8,High,Medium,Low,Medium,High,Medium,Low,High,High
533,703,10,7,8,3,4,7,9,8,High,High,Medium,High,Low,Low,Medium,High,High
534,490,9,2,6,10,9,8,2,4,High,High,Low,Medium,High,High,High,Low,Low
535,906,7,7,8,4,5,2,4,5,High,Medium,Medium,High,Low,Medium,Low,Low,Medium
536,174,7,3,6,7,10,10,2,3,High,Medium,Low,Medium,Medium,High,High,Low,Low
537,4,5,8,5,7,10,7,3,1,Low,Medium,High,Medium,Medium,High,Medium,Low,Low
538,161,6,7,8,3,5,10,6,4,High,Medium,Medium,High,Low,Medium,High,Medium,Low
539,31,5,4,5,9,9,2,4,1,High,Medium,Low,Medium,High,High,Low,Low,Low
540,623,6,4,6,6,10,10,3,9,High,Medium,Low,Medium,Medium,High,High,Low,High
541,818,10,5,4,9,2,6,2,6,High,High,Medium,Low,High,Low,Medium,Low,Medium
542,60,5,6,5,3,1,7,5,3,High,Medium,Medium,Medium,Low,Low,Medium,Medium,Low
543,384,6,2,7,9,4,4,2,8,High,Medium,Low,Medium,High,Low,Low,Low,High
544,971,7,6,7,4,6,6,7,9,High,Medium,Medium,Medium,Low,Medium,Medium,Medium,High
545,427,7,3,7,2,9,8,8,7,High,Medium,Low,Medium,Low,High,High,High,Medium
546,431,10,9,4,3,3,9,4,1,High,High,High,Low,Low,Low,High,Low,Low
547,408,6,5,4,7,1,8,6,7,High,Medium,Medium,Low,Medium,Low,High,Medium,Medium
548,577,10,7,4,10,7,2,5,1,High,High,Medium,Low,High,Medium,Low,Medium,Low
549,803,6,10,8,5,6,5,6,7,High,Medium,High,High,Medium,Medium,Medium,Medium,Medium
550,273,9,3,7,1,5,3,8,4,High,High,Low,Medium,Low,Medium,Low,High,Low
551,371,6,3,4,9,4,10,4,10,High,Medium,Low,Low,High,Low,High,Low,High
552,999,6,7,8,8,9,9,9,5,High,Medium,Medium,High,High,High,High,High,Medium
553,595,10,5,5,4,10,4,4,4,High,High,Medium,Medium,Low,High,Low,Low,Low
554,63,8,8,7,4,4,4,8,2,High,High,High,Medium,Low,Low,Low,High,Low
555,899,5,4,7,7,2,6,1,1,High,Medium,Low,Medium,Medium,Low,Medium,Low,Low
556,0,7,4,8,2,1,4,8,3,Low,Medium,Low,High,Low,Low,Low,High,Low
557,796,7,9,6,2,7,7,6,8,High,Medium,High,Medium,Low,Medium,Medium,Medium,High
558,181,10,10,4,2,1,5,3,1,High,High,High,Low,Low,Low,Medium,Low,Low
559,290,6,7,6,4,2,8,9,7,High,Medium,Medium,Medium,Low,Low,High,High,Medium
560,373,6,4,8,10,5,3,10,10,High,Medium,Low,High,High,Medium,Low,High,High
561,285,6,10,5,7,3,3,5,1,High,Medium,High,Medium,Medium,Low,Low,Medium,Low
562,882,6,3,4,1,7,5,4,2,High,Medium,Low,Low,Low,Medium,Medium,Low,Low
563,776,8,3,7,6,3,7,6,7,High,High,Low,Medium,Medium,Low,Medium,Medium,Medium
564,935,10,9,7,2,8,2,1,2,High,High,High,Medium,Low,High,Low,Low,Low
565,679,10,6,4,5,10,9,6,7,High,High,Medium,Low,Medium,High,High,Medium,Medium
566,102,7,4,6,3,5,7,5,5,High,Medium,Low,Medium,Low,Medium,Medium,Medium,Medium
567,618,5,8,6,9,3,8,7,9,High,Medium,High,Medium,High,Low,High,Medium,High
568,607,8,4,4,10,10,8,3,7,High,High,Low,Low,High,High,High,Low,Medium
569,743,9,7,7,10,1,5,5,10,High,High,Medium,Medium,High,Low,Medium,Medium,High
570,682,8,5,8,9,2,10,3,4,High,High,Medium,High,High,Low,High,Low,Low
571,16,5,3,6,6,5,8,8,2,High,Medium,Low,Medium,Medium,Medium,High,High,Low
572,969,8,6,8,10,2,1,3,2,High,High,Medium,High,High,Low,Low,Low,Low
573,46,8,4,4,9,5,7,4,8,High,High,Low,Low,High,Medium,Medium,Low,High
574,706,6,8,7,9,8,6,4,1,High,Medium,High,Medium,High,High,Medium,Low,Low
575,993,9,9,4,1,5,2,9,9,High,High,High,Low,Low,Medium,Low,High,High
576,508,10,6,5,8,8,5,7,10,High,High,Medium,Medium,High,High,Medium,Medium,High
577,989,8,4,5,4,8,6,7,3,High,High,Low,Medium,Low,High,Medium,Medium,Low
578,133,10,4,7,3,5,4,4,5,High,High,Low,Medium,Low,Medium,Low,Low,Medium
579,15,8,9,8,3,6,10,2,3,High,High,High,High,Low,Medium,High,Low,Low
580,78,10,9,6,8,10,7,7,8,High,High,High,Medium,High,High,Medium,Medium,High
581,433,6,6,8,4,8,9,4,1,High,Medium,Medium,High,Low,High,High,Low,Low
582,784,7,7,4,3,7,8,6,10,High,Medium,Medium,Low,Low,Medium,High,Medium,High
583,983,5,2,4,1,9,4,3,2,High,Medium,Low,Low,Low,High,Low,Low,Low
584,197,9,3,5,9,8,2,4,10,High,High,Low,Medium,High,High,Low,Low,High
585,483,8,2,6,2,10,2,2,5,High,High,Low,Medium,Low,High,Low,Low,Medium
586,376,5,5,5,8,8,4,6,10,High,Medium,Medium,Medium,High,High,Low,Medium,High
587,915,10,7,4,6,9,4,9,5,High,High,Medium,Low,Medium,High,Low,High,Medium
588,210,6,5,7,9,5,1,2,4,High,Medium,Medium,Medium,High,Medium,Low,Low,Low
589,20,8,4,5,1,10,10,7,5,High,High,Low,Medium,Low,High,High,Medium,Medium
590,425,5,9,8,1,10,8,10,10,High,Medium,High,High,Low,High,High,High,High
591,668,6,3,6,1,2,10,9,3,High,Medium,Low,Medium,Low,Low,High,High,Low
592,54,7,2,5,1,5,3,1,3,High,Medium,Low,Medium,Low,Medium,Low,Low,Low
593,950,7,2,7,10,5,3,4,7,High,Medium,Low,Medium,High,Medium,Low,Low,Medium
594,782,6,7,4,2,2,1,3,8,High,Medium,Medium,Low,Low,Low,Low,Low,High
595,108,5,5,7,5,10,7,3,9,High,Medium,Medium,Medium,Medium,High,Medium,Low,High
596,400,9,4,5,5,8,10,6,10,High,High,Low,Medium,Medium,High,High,Medium,High
597,685,10,9,7,3,1,6,6,4,High,High,High,Medium,Low,Low,Medium,Medium,Low
598,673,9,3,4,4,7,9,8,4,High,High,Low,Low,Low,Medium,High,High,Low
599,198,6,7,7,7,3,5,4,3,High,Medium,Medium,Medium,Medium,Low,Medium,Low,Low
600,14,5,5,8,9,7,5,2,1,High,Medium,Medium,High,High,Medium,Medium,Low,Low
601,172,6,5,8,3,4,3,10,3,High,Medium,Medium,High,Low,Low,Low,High,Low
602,359,5,6,7,6,9,5,1,5,High,Medium,Medium,Medium,Medium,High,Medium,Low,Medium
603,714,10,5,5,5,7,5,7,9,High,High,Medium,Medium,Medium,Medium,Medium,Medium,High
604,785,7,6,7,1,7,5,5,9,High,Medium,Medium,Medium,Low,Medium,Medium,Medium,High
605,865,8,4,6,2,7,5,2,7,High,High,Low,Medium,Low,Medium,Medium,Low,Medium
606,662,10,6,4,5,1,9,6,3,High,High,Medium,Low,Medium,Low,High,Medium,Low
607,513,9,10,7,7,9,2,10,1,High,High,High,Medium,Medium,High,Low,High,Low
608,722,7,10,5,5,4,9,6,7,High,Medium,High,Medium,Medium,Low,High,Medium,Medium
609,8,6,7,6,10,6,9,9,10,High,Medium,Medium,Medium,High,Medium,High,High,High
610,873,10,10,4,5,9,10,2,5,High,High,High,Low,Medium,High,High,Low,Medium
611,684,10,3,7,4,4,5,1,10,High,High,Low,Medium,Low,Low,Medium,Low,High
612,73,7,2,5,6,3,1,1,4,High,Medium,Low,Medium,Medium,Low,Low,Low,Low
613,900,9,8,5,8,4,6,9,7,High,High,High,Medium,High,Low,Medium,High,Medium
614,933,6,9,4,8,7,10,3,5,High,Medium,High,Low,High,Medium,High,Low,Medium
615,634,6,7,6,6,1,6,3,8,High,Medium,Medium,Medium,Medium,Low,Medium,Low,High
616,835,8,2,7,8,3,4,3,4,High,High,Low,Medium,High,Low,Low,Low,Low
617,422,9,8,4,4,8,3,4,10,High,High,High,Low,Low,High,Low,Low,High
618,235,6,2,8,8,6,3,3,1,High,Medium,Low,High,High,Medium,Low,Low,Low
619,286,10,3,7,10,8,8,4,9,High,High,Low,Medium,High,High,High,Low,High
620,129,7,3,4,9,1,4,4,9,High,Medium,Low,Low,High,Low,Low,Low,High
621,443,7,9,8,2,4,5,1,5,High,Medium,High,High,Low,Low,Medium,Low,Medium
622,301,10,7,7,4,3,4,9,2,High,High,Medium,Medium,Low,Low,Low,High,Low
623,532,10,2,4,2,2,6,10,9,High,High,Low,Low,Low,Low,Medium,High,High
624,64,6,2,8,1,8,4,8,4,High,Medium,Low,High,Low,High,Low,High,Low
625,860,10,8,4,3,7,1,4,5,High,High,High,Low,Low,Medium,Low,Low,Medium
626,559,8,4,4,6,5,5,1,7,High,High,Low,Low,Medium,Medium,Medium,Low,Medium
627,311,7,5,6,8,4,9,8,9,High,Medium,Medium,Medium,High,Low,High,High,High
628,32,9,3,7,7,6,1,9,2,High,High,Low,Medium,Medium,Medium,Low,High,Low
629,296,10,7,4,2,2,10,10,8,High,High,Medium,Low,Low,Low,High,High,High
630,419,10,2,5,8,5,3,3,10,High,High,Low,Medium,High,Medium,Low,Low,High
631,83,10,6,6,1,8,1,3,9,High,High,Medium,Medium,Low,High,Low,Low,High
632,594,7,2,7,6,7,2,3,6,High,Medium,Low,Medium,Medium,Medium,Low,Low,Medium
633,501,5,2,8,4,7,6,10,4,High,Medium,Low,High,Low,Medium,Medium,High,Low
634,411,8,4,4,4,8,4,3,1,High,High,Low,Low,Low,High,Low,Low,Low
635,824,10,7,7,9,4,9,9,8,High,High,Medium,Medium,High,Low,High,High,High
636,585,7,6,8,2,4,7,10,9,High,Medium,Medium,High,Low,Low,Medium,High,High
637,848,9,9,6,1,9,2,8,6,High,High,High,Medium,Low,High,Low,High,Medium
638,299,10,8,5,5,4,3,1,9,High,High,High,Medium,Medium,Low,Low,Low,High
639,107,9,4,8,6,10,4,5,9,High,High,Low,High,Medium,High,Low,Medium,High
640,119,9,10,5,1,9,6,7,6,High,High,High,Medium,Low,High,Medium,Medium,Medium
641,335,5,3,4,2,8,4,7,6,High,Medium,Low,Low,Low,High,Low,Medium,Medium
642,557,5,5,8,2,4,10,6,1,High,Medium,Medium,High,Low,Low,High,Medium,Low
643,113,5,6,7,1,10,6,4,7,High,Medium,Medium,Medium,Low,High,Medium,Low,Medium
644,281,5,6,6,3,4,1,1,1,High,Medium,Medium,Medium,Low,Low,Low,Low,Low
645,836,9,3,4,6,6,3,2,7,High,High,Low,Low,Medium,Medium,Low,Low,Medium
646,426,9,8,7,8,10,6,9,8,High,High,High,Medium,High,High,Medium,High,High
647,42,8,2,4,6,6,7,3,1,High,High,Low,Low,Medium,Medium,Medium,Low,Low
648,567,9,3,8,1,4,9,10,9,High,High,Low,High,Low,Low,High,High,High
649,589,5,8,7,5,6,7,8,9,High,Medium,High,Medium,Medium,Medium,Medium,High,High
650,187,5,5,6,2,6,1,8,5,High,Medium,Medium,Medium,Low,Medium,Low,High,Medium
651,615,5,6,7,9,1,1,1,5,High,Medium,Medium,Medium,High,Low,Low,Low,Medium
652,556,9,9,5,5,1,3,6,10,High,High,High,Medium,Medium,Low,Low,Medium,High
653,3,9,6,5,9,10,5,5,4,Low,High,Medium,Medium,High,High,Medium,Medium,Low
654,667,9,9,6,2,1,3,10,2,High,High,High,Medium,Low,Low,Low,High,Low
655,234,7,2,4,5,1,8,7,2,High,Medium,Low,Low,Medium,Low,High,Medium,Low
656,96,6,6,5,10,8,10,5,2,High,Medium,Medium,Medium,High,High,High,Medium,Low
657,691,7,7,8,8,5,4,8,2,High,Medium,Medium,High,High,Medium,Low,High,Low
658,269,9,10,6,10,10,1,9,10,High,High,High,Medium,High,High,Low,High,High
659,566,8,10,6,10,7,6,6,1,High,High,High,Medium,High,Medium,Medium,Medium,Low
660,985,5,5,4,8,7,6,7,3,High,Medium,Medium,Low,High,Medium,Medium,Medium,Low
661,437,7,2,6,7,5,8,1,8,High,Medium,Low,Medium,Medium,Medium,High,Low,High
662,200,8,4,8,6,8,4,7,1,High,High,Low,High,Medium,High,Low,Medium,Low
663,291,10,3,7,8,2,10,3,3,High,High,Low,Medium,High,Low,High,Low,Low
664,612,8,9,8,7,1,2,8,4,High,High,High,High,Medium,Low,Low,High,Low
665,448,6,7,7,9,2,9,2,5,High,Medium,Medium,Medium,High,Low,High,Low,Medium
666,439,6,8,7,7,7,4,5,4,High,Medium,High,Medium,Medium,Medium,Low,Medium,Low
667,573,5,5,5,8,8,9,8,2,High,Medium,Medium,Medium,High,High,High,High,Low
668,7,5,8,5,6,2,10,4,8,Medium,Medium,High,Medium,Medium,Low,High,Low,High
669,725,5,10,8,4,3,5,1,6,High,Medium,High,High,Low,Low,Medium,Low,Medium
670,50,9,8,6,7,1,6,7,4,High,High,High,Medium,Medium,Low,Medium,Medium,Low
671,423,7,9,5,10,10,7,7,3,High,Medium,High,Medium,High,High,Medium,Medium,Low
672,140,7,10,6,8,6,10,9,6,High,Medium,High,Medium,High,Medium,High,High,Medium
673,135,8,9,7,3,6,10,2,9,High,High,High,Medium,Low,Medium,High,Low,High
674,786,5,4,7,5,5,6,7,1,High,Medium,Low,Medium,Medium,Medium,Medium,Medium,Low
675,601,8,9,4,5,4,3,1,10,High,High,High,Low,Medium,Low,Low,Low,High
676,493,9,4,4,9,4,3,6,7,High,High,Low,Low,High,Low,Low,Medium,Medium
677,553,7,2,4,7,3,5,1,3,High,Medium,Low,Low,Medium,Low,Medium,Low,Low
678,27,7,3,5,5,5,1,8,6,High,Medium,Low,Medium,Medium,Medium,Low,High,Medium
679,257,8,5,6,4,4,1,5,4,High,High,Medium,Medium,Low,Low,Low,Medium,Low
680,225,10,4,5,9,3,6,9,4,High,High,Low,Medium,High,Low,Medium,High,Low
681,788,6,5,6,3,10,4,3,8,High,Medium,Medium,Medium,Low,High,Low,Low,High
682,37,8,9,5,3,4,3,5,2,High,High,High,Medium,Low,Low,Low,Medium,Low
683,170,5,10,7,2,8,5,9,5,High,Medium,High,Medium,Low,High,Medium,High,Medium
684,528,9,2,5,2,6,5,1,6,High,High,Low,Medium,Low,Medium,Medium,Low,Medium
685,600,7,8,6,10,6,7,7,6,High,Medium,High,Medium,High,Medium,Medium,Medium,Medium
686,655,7,8,5,4,1,6,6,8,High,Medium,High,Medium,Low,Low,Medium,Medium,High
687,74,8,8,6,1,2,5,2,6,High,High,High,Medium,Low,Low,Medium,Low,Medium
688,505,9,6,8,5,8,4,7,6,High,High,Medium,High,Medium,High,Low,Medium,Medium
689,377,5,5,7,3,9,6,1,4,High,Medium,Medium,Medium,Low,High,Medium,Low,Low
690,808,8,6,4,5,1,8,8,3,High,High,Medium,Low,Medium,Low,High,High,Low
691,366,9,9,8,2,1,10,5,2,High,High,High,High,Low,Low,High,Medium,Low
692,238,8,7,5,10,10,9,7,10,High,High,Medium,Medium,High,High,High,Medium,High
693,255,9,10,7,10,3,2,7,8,High,High,High,Medium,High,Low,Low,Medium,High
694,123,10,2,4,5,9,8,3,5,High,High,Low,Low,Medium,High,High,Low,Medium
695,663,6,2,8,2,5,7,5,7,High,Medium,Low,High,Low,Medium,Medium,Medium,Medium
696,876,6,7,4,4,9,2,5,9,High,Medium,Medium,Low,Low,High,Low,Medium,High
697,690,5,10,8,4,2,7,9,6,High,Medium,High,High,Low,Low,Medium,High,Medium
698,309,5,8,4,9,2,1,4,5,High,Medium,High,Low,High,Low,Low,Low,Medium
699,693,7,9,8,1,5,10,3,7,High,Medium,High,High,Low,Medium,High,Low,Medium
700,226,7,6,8,8,8,5,8,8,High,Medium,Medium,High,High,High,Medium,High,High
701,951,10,10,7,10,5,9,7,1,High,High,High,Medium,High,Medium,High,Medium,Low
702,260,9,3,7,4,7,2,8,3,High,High,Low,Medium,Low,Medium,Low,High,Low
703,243,9,8,8,8,4,10,8,9,High,High,High,High,High,Low,High,High,High
704,222,5,4,4,2,7,9,5,3,High,Medium,Low,Low,Low,Medium,High,Medium,Low
705,314,5,10,6,8,6,6,10,4,High,Medium,High,Medium,High,Medium,Medium,High,Low
706,229,7,6,8,2,2,10,8,8,High,Medium,Medium,High,Low,Low,High,High,High
707,85,5,6,8,9,3,4,4,4,High,Medium,Medium,High,High,Low,Low,Low,Low
708,76,8,9,8,6,3,10,7,2,High,High,High,High,Medium,Low,High,Medium,Low
709,887,6,9,5,8,9,7,6,2,High,Medium,High,Medium,High,High,Medium,Medium,Low
710,582,8,4,7,8,1,5,9,3,High,High,Low,Medium,High,Low,Medium,High,Low
711,674,8,5,6,8,7,10,2,7,High,High,Medium,Medium,High,Medium,High,Low,Medium
712,986,7,2,6,2,4,7,10,7,High,Medium,Low,Medium,Low,Low,Medium,High,Medium
713,511,8,4,4,5,2,10,10,6,High,High,Low,Low,Medium,Low,High,High,Medium
714,879,6,10,5,10,9,5,5,4,High,Medium,High,Medium,High,High,Medium,Medium,Low
715,401,8,10,7,2,8,10,8,9,High,High,High,Medium,Low,High,High,High,High
716,514,6,6,7,10,7,7,6,3,High,Medium,Medium,Medium,High,Medium,Medium,Medium,Low
717,750,10,3,8,1,5,1,3,5,High,High,Low,High,Low,Medium,Low,Low,Medium
718,156,7,4,7,9,10,8,5,8,High,Medium,Low,Medium,High,High,High,Medium,High
719,775,5,6,7,2,5,4,1,4,High,Medium,Medium,Medium,Low,Medium,Low,Low,Low
720,329,9,8,8,5,3,3,10,8,High,High,High,High,Medium,Low,Low,High,High
721,467,8,10,5,7,7,1,3,6,High,High,High,Medium,Medium,Medium,Low,Low,Medium
722,178,7,7,4,7,1,2,1,2,High,Medium,Medium,Low,Medium,Low,Low,Low,Low
723,549,5,3,7,6,8,8,5,5,High,Medium,Low,Medium,Medium,High,High,Medium,Medium
724,453,8,4,4,4,2,8,1,4,High,High,Low,Low,Low,Low,High,Low,Low
725,307,6,9,5,1,6,5,3,5,High,Medium,High,Medium,Low,Medium,Medium,Low,Medium
726,472,6,8,7,7,9,9,2,3,High,Medium,High,Medium,Medium,High,High,Low,Low
727,392,7,7,4,9,7,10,8,4,High,Medium,Medium,Low,High,Medium,High,High,Low
728,65,6,4,4,6,3,10,8,3,High,Medium,Low,Low,Medium,Low,High,High,Low
729,575,9,4,7,7,1,1,5,1,High,High,Low,Medium,Medium,Low,Low,Medium,Low
730,855,8,3,6,4,1,1,9,7,High,High,Low,Medium,Low,Low,Low,High,Medium
731,791,5,9,4,4,1,4,10,9,High,Medium,High,Low,Low,Low,Low,High,High
732,391,5,3,7,6,7,6,9,4,High,Medium,Low,Medium,Medium,Medium,Medium,High,Low
733,973,6,3,4,6,4,6,6,9,High,Medium,Low,Low,Medium,Low,Medium,Medium,High
734,828,8,3,5,2,9,5,6,3,High,High,Low,Medium,Low,High,Medium,Medium,Low
735,247,6,9,6,5,2,2,3,7,High,Medium,High,Medium,Medium,Low,Low,Low,Medium
736,412,9,2,5,8,7,2,10,4,High,High,Low,Medium,High,Medium,Low,High,Low
737,67,7,9,4,3,9,1,1,2,High,Medium,High,Low,Low,High,Low,Low,Low
738,289,5,2,5,8,9,2,7,2,High,Medium,Low,Medium,High,High,Low,Medium,Low
739,399,10,6,4,8,6,5,10,4,High,High,Medium,Low,High,Medium,Medium,High,Low
740,138,8,5,8,8,10,4,2,6,High,High,Medium,High,High,High,Low,Low,Medium
741,537,10,6,4,9,9,5,7,5,High,High,Medium,Low,High,High,Medium,Medium,Medium
742,265,5,9,7,6,5,6,5,3,High,Medium,High,Medium,Medium,Medium,Medium,Medium,Low
743,724,5,2,6,1,7,3,3,1,High,Medium,Low,Medium,Low,Medium,Low,Low,Low
744,653,5,6,5,6,6,3,9,2,High,Medium,Medium,Medium,Medium,Medium,Low,High,Low
745,318,6,8,5,10,6,7,10,8,High,Medium,High,Medium,High,Medium,Medium,High,High
746,232,6,8,5,5,1,1,7,8,High,Medium,High,Medium,Medium,Low,Low,Medium,High
747,21,9,7,5,3,6,6,1,6,High,High,Medium,Medium,Low,Medium,Medium,Low,Medium
748,998,9,7,5,1,2,2,1,10,High,High,Medium,Medium,Low,Low,Low,Low,High
749,694,9,8,8,10,7,7,7,2,High,High,High,High,High,Medium,Medium,Medium,Low
750,927,6,2,6,2,10,3,6,4,High,Medium,Low,Medium,Low,High,Low,Medium,Low
751,348,7,9,5,6,5,5,8,6,High,Medium,High,Medium,Medium,Medium,Medium,High,Medium
752,968,6,7,6,3,8,1,9,3,High,Medium,Medium,Medium,Low,High,Low,High,Low
753,992,10,6,4,3,8,6,10,3,High,High,Medium,Low,Low,High,Medium,High,Low
754,764,9,3,7,6,3,8,10,2,High,High,Low,Medium,Medium,Low,High,High,Low
755,587,5,4,8,2,2,2,4,10,High,Medium,Low,High,Low,Low,Low,Low,High
756,944,10,8,6,8,8,7,9,6,High,High,High,Medium,High,High,Medium,High,Medium
757,239,5,10,4,3,2,7,4,4,High,Medium,High,Low,Low,Low,Medium,Low,Low
758,886,7,7,5,5,10,1,9,9,High,Medium,Medium,Medium,Medium,High,Low,High,High
759,23,9,7,4,2,1,2,9,3,High,High,Medium,Low,Low,Low,Low,High,Low
760,458,6,2,4,6,6,10,4,1,High,Medium,Low,Low,Medium,Medium,High,Low,Low
761,822,6,2,7,1,5,4,1,10,High,Medium,Low,Medium,Low,Medium,Low,Low,High
762,413,7,10,4,2,3,1,10,1,High,Medium,High,Low,Low,Low,Low,High,Low
763,563,7,4,8,8,7,3,3,10,High,Medium,Low,High,High,Medium,Low,Low,High
764,331,8,8,7,5,10,4,7,5,High,High,High,Medium,Medium,High,Low,Medium,Medium
765,434,7,7,7,6,1,8,9,6,High,Medium,Medium,Medium,Medium,Low,High,High,Medium
766,456,10,4,8,6,5,1,10,1,High,High,Low,High,Medium,Medium,Low,High,Low
767,430,9,6,4,9,8,6,4,3,High,High,Medium,Low,High,High,Medium,Low,Low
768,896,6,8,7,5,4,4,5,5,High,Medium,High,Medium,Medium,Low,Low,Medium,Medium
769,451,9,3,6,10,7,8,9,10,High,High,Low,Medium,High,Medium,High,High,High
770,477,5,2,5,6,10,6,10,8,High,Medium,Low,Medium,Medium,High,Medium,High,High
771,9,7,5,4,5,1,3,5,6,High,Medium,Medium,Low,Medium,Low,Low,Medium,Medium
772,325,7,5,7,6,1,5,8,6,High,Medium,Medium,Medium,Medium,Low,Medium,High,Medium
773,812,9,5,4,4,2,4,2,6,High,High,Medium,Low,Low,Low,Low,Low,Medium
774,727,7,2,6,4,2,10,9,5,High,Medium,Low,Medium,Low,Low,High,High,Medium
775,928,6,7,6,9,4,8,5,8,High,Medium,Medium,Medium,High,Low,High,Medium,High
776,134,9,9,7,4,7,10,8,3,High,High,High,Medium,Low,Medium,High,High,Low
777,819,6,7,8,8,9,10,2,2,High,Medium,Medium,High,High,High,High,Low,Low
778,230,7,2,8,2,6,1,9,2,High,Medium,Low,High,Low,Medium,Low,High,Low
779,520,9,3,5,6,7,10,10,3,High,High,Low,Medium,Medium,Medium,High,High,Low
780,326,7,10,8,8,6,4,9,7,High,Medium,High,High,High,Medium,Low,High,Medium
781,142,6,8,4,10,8,5,8,6,High,Medium,High,Low,High,High,Medium,High,Medium
782,491,5,4,8,6,1,3,4,4,High,Medium,Low,High,Medium,Low,Low,Low,Low
783,379,7,5,6,2,9,7,3,10,High,Medium,Medium,Medium,Low,High,Medium,Low,High
784,465,5,2,8,8,6,8,2,4,High,Medium,Low,High,High,Medium,High,Low,Low
785,756,6,7,7,3,2,6,9,7,High,Medium,Medium,Medium,Low,Low,Medium,High,Medium
786,347,6,8,7,3,5,1,2,8,High,Medium,High,Medium,Low,Medium,Low,Low,High
787,237,10,4,5,8,7,8,2,8,High,High,Low,Medium,High,Medium,High,Low,High
788,642,5,7,6,8,9,6,6,7,High,Medium,Medium,Medium,High,High,Medium,Medium,Medium
789,506,9,7,4,1,5,7,5,1,High,High,Medium,Low,Low,Medium,Medium,Medium,Low
790,646,7,8,5,4,7,8,8,8,High,Medium,High,Medium,Low,Medium,High,High,High
791,382,10,10,7,5,2,3,6,3,High,High,High,Medium,Medium,Low,Low,Medium,Low
792,256,6,7,4,5,9,8,6,5,High,Medium,Medium,Low,Medium,High,High,Medium,Medium
793,327,8,8,5,10,2,1,10,5,High,High,High,Medium,High,Low,Low,High,Medium
794,624,7,3,7,10,2,1,8,8,High,Medium,Low,Medium,High,Low,Low,High,High
795,155,8,8,8,10,3,9,7,3,High,High,High,High,High,Low,High,Medium,Low
796,578,8,10,7,4,5,8,7,6,High,High,High,Medium,Low,Medium,High,Medium,Medium
797,640,10,9,4,10,2,4,3,1,High,High,High,Low,High,Low,Low,Low,Low
798,997,9,8,8,6,8,3,3,10,High,High,High,High,Medium,High,Low,Low,High
799,242,7,9,5,4,5,9,1,4,High,Medium,High,Medium,Low,Medium,High,Low,Low
800,344,7,6,8,9,8,3,8,5,High,Medium,Medium,High,High,High,Low,High,Medium
801,699,9,5,4,8,4,2,2,8,High,High,Medium,Low,High,Low,Low,Low,High
802,77,9,4,5,9,2,1,5,10,High,High,Low,Medium,High,Low,Low,Medium,High
803,821,8,9,5,5,8,9,4,9,High,High,High,Medium,Medium,High,High,Low,High
804,903,9,8,8,8,4,8,4,1,High,High,High,High,High,Low,High,Low,Low
805,540,9,10,7,3,2,4,4,5,High,High,High,Medium,Low,Low,Low,Low,Medium
806,596,5,8,7,7,1,2,10,3,High,Medium,High,Medium,Medium,Low,Low,High,Low
807,169,8,2,6,3,3,6,9,3,High,High,Low,Medium,Low,Low,Medium,High,Low
808,526,9,5,5,5,2,6,4,9,High,High,Medium,Medium,Medium,Low,Medium,Low,High
809,361,7,2,6,4,5,7,8,3,High,Medium,Low,Medium,Low,Medium,Medium,High,Low
810,917,8,6,5,3,7,5,4,8,High,High,Medium,Medium,Low,Medium,Medium,Low,High
811,342,5,9,8,1,9,8,7,10,High,Medium,High,High,Low,High,High,Medium,High
812,599,5,2,4,8,4,8,9,5,High,Medium,Low,Low,High,Low,High,High,Medium
813,875,5,4,7,3,5,6,4,5,High,Medium,Low,Medium,Low,Medium,Medium,Low,Medium
814,745,5,9,5,10,8,2,9,1,High,Medium,High,Medium,High,High,Low,High,Low
815,131,9,4,8,2,7,5,2,10,High,High,Low,High,Low,Medium,Medium,Low,High
816,143,6,6,7,8,10,3,3,9,High,Medium,Medium,Medium,High,High,Low,Low,High
817,666,10,5,6,8,1,2,7,7,High,High,Medium,Medium,High,Low,Low,Medium,Medium
818,104,8,5,4,2,7,9,4,4,High,High,Medium,Low,Low,Medium,High,Low,Low
819,964,8,5,5,3,10,5,5,3,High,High,Medium,Medium,Low,High,Medium,Medium,Low
820,208,8,7,5,7,2,3,2,8,High,High,Medium,Medium,Medium,Low,Low,Low,High
821,774,7,10,5,4,6,10,9,6,High,Medium,High,Medium,Low,Medium,High,High,Medium
822,346,10,7,4,9,3,2,10,8,High,High,Medium,Low,High,Low,Low,High,High
823,97,7,8,7,9,6,3,10,7,High,Medium,High,Medium,High,Medium,Low,High,Medium
824,306,9,10,4,1,3,3,2,5,High,High,High,Low,Low,Low,Low,Low,Medium
825,18,9,6,6,1,5,8,4,10,High,High,Medium,Medium,Low,Medium,High,Low,High
826,284,5,7,6,3,10,3,8,6,High,Medium,Medium,Medium,Low,High,Low,High,Medium
827,173,5,7,5,10,10,10,3,10,High,Medium,Medium,Medium,High,High,High,Low,High
828,558,7,9,5,5,9,7,3,5,High,Medium,High,Medium,Medium,High,Medium,Low,Medium
829,51,7,2,6,2,8,2,10,2,High,Medium,Low,Medium,Low,High,Low,High,Low
830,357,5,8,7,5,4,1,8,8,High,Medium,High,Medium,Medium,Low,Low,High,High
831,692,8,8,6,9,5,8,7,10,High,High,High,Medium,High,Medium,High,Medium,High
832,26,8,2,6,10,9,9,4,5,High,High,Low,Medium,High,High,High,Low,Medium
833,386,9,5,5,4,6,5,7,7,High,High,Medium,Medium,Low,Medium,Medium,Medium,Medium
834,287,5,9,5,5,10,8,4,10,High,Medium,High,Medium,Medium,High,High,Low,High
835,974,8,10,4,2,4,9,8,7,High,High,High,Low,Low,Low,High,High,Medium
836,683,6,9,4,8,5,5,1,10,High,Medium,High,Low,High,Medium,Medium,Low,High
837,374,6,9,4,6,2,6,7,8,High,Medium,High,Low,Medium,Low,Medium,Medium,High
838,278,10,8,7,8,6,7,8,1,High,High,High,Medium,High,Medium,Medium,High,Low
839,367,10,4,8,3,3,9,5,7,High,High,Low,High,Low,Low,High,Medium,Medium
840,800,7,4,5,2,1,6,3,9,High,Medium,Low,Medium,Low,Low,Medium,Low,High
841,11,9,5,6,8,5,6,7,7,High,High,Medium,Medium,High,Medium,Medium,Medium,Medium
842,310,5,8,5,9,4,4,9,10,High,Medium,High,Medium,High,Low,Low,High,High
843,910,5,8,7,10,8,2,4,8,High,Medium,High,Medium,High,High,Low,Low,High
844,440,5,7,8,9,7,1,8,10,High,Medium,Medium,High,High,Medium,Low,High,High
845,441,7,8,5,3,1,8,6,8,High,Medium,High,Medium,Low,Low,High,Medium,High
846,146,8,7,5,6,9,2,9,10,High,High,Medium,Medium,Medium,High,Low,High,High
847,614,8,2,6,7,8,6,6,5,High,High,Low,Medium,Medium,High,Medium,Medium,Medium
848,262,10,5,4,9,6,9,9,3,High,High,Medium,Low,High,Medium,High,High,Low
849,34,9,7,8,9,8,2,8,9,High,High,Medium,High,High,High,Low,High,High
850,407,9,8,8,6,2,9,6,4,High,High,High,High,Medium,Low,High,Medium,Low
851,564,5,10,5,6,8,5,3,1,High,Medium,High,Medium,Medium,High,Medium,Low,Low
852,538,8,7,4,6,10,5,2,9,High,High,Medium,Low,Medium,High,Medium,Low,High
853,748,5,8,6,1,10,2,4,9,High,Medium,High,Medium,Low,High,Low,Low,High
854,675,8,7,8,9,8,6,2,8,High,High,Medium,High,High,High,Medium,Low,High
855,224,10,7,7,6,2,1,7,9,High,High,Medium,Medium,Medium,Low,Low,Medium,High
856,10,8,3,7,4,3,6,4,1,High,High,Low,Medium,Low,Low,Medium,Low,Low
857,708,5,3,5,4,5,9,6,4,High,Medium,Low,Medium,Low,Medium,High,Medium,Low
858,636,7,3,6,9,5,4,6,3,High,Medium,Low,Medium,High,Medium,Low,Medium,Low
859,218,7,8,4,4,1,4,6,4,High,Medium,High,Low,Low,Low,Low,Medium,Low
860,193,5,9,4,6,5,7,1,9,High,Medium,High,Low,Medium,Medium,Medium,Low,High
861,106,6,6,5,8,3,1,9,7,High,Medium,Medium,Medium,High,Low,Low,High,Medium
862,834,8,2,7,4,1,8,9,2,High,High,Low,Medium,Low,Low,High,High,Low
863,597,5,4,8,4,8,7,3,4,High,Medium,Low,High,Low,High,Medium,Low,Low
864,45,8,5,6,1,5,9,2,9,High,High,Medium,Medium,Low,Medium,High,Low,High
865,264,5,2,4,4,7,6,4,1,High,Medium,Low,Low,Low,Medium,Medium,Low,Low
866,219,10,4,5,7,9,10,8,3,High,High,Low,Medium,Medium,High,High,High,Low
867,249,10,2,5,6,8,1,8,9,High,High,Low,Medium,Medium,High,Low,High,High
868,507,9,2,6,2,7,9,7,9,High,High,Low,Medium,Low,Medium,High,Medium,High
869,383,10,10,8,10,4,9,3,10,High,High,High,High,High,Low,High,Low,High
870,631,10,8,5,3,9,9,8,3,High,High,High,Medium,Low,High,High,High,Low
871,502,6,3,5,1,8,4,7,8,High,Medium,Low,Medium,Low,High,Low,Medium,High
872,792,10,2,6,7,7,5,6,9,High,High,Low,Medium,Medium,Medium,Medium,Medium,High
873,271,8,10,6,5,7,10,10,2,High,High,High,Medium,Medium,Medium,High,High,Low
874,194,6,3,5,4,1,10,8,3,High,Medium,Low,Medium,Low,Low,High,High,Low
875,937,8,8,4,10,1,5,9,3,High,High,High,Low,High,Low,Medium,High,Low
876,726,6,4,4,7,7,3,6,4,High,Medium,Low,Low,Medium,Medium,Low,Medium,Low
877,339,6,10,5,9,4,3,6,5,High,Medium,High,Medium,High,Low,Low,Medium,Medium
878,841,8,9,8,3,4,4,7,1,High,High,High,High,Low,Low,Low,Medium,Low
879,874,9,7,6,9,6,1,6,3,High,High,Medium,Medium,High,Medium,Low,Medium,Low
880,214,6,6,4,3,1,3,4,6,High,Medium,Medium,Low,Low,Low,Low,Low,Medium
881,924,9,10,5,5,6,4,1,8,High,High,High,Medium,Medium,Medium,Low,Low,High
882,203,8,7,8,9,4,10,8,10,High,High,Medium,High,High,Low,High,High,High
883,629,8,3,7,4,4,8,1,10,High,High,Low,Medium,Low,Low,High,Low,High
884,354,6,3,7,10,1,1,10,6,High,Medium,Low,Medium,High,Low,Low,High,Medium
885,857,9,8,6,5,7,8,1,9,High,High,High,Medium,Medium,Medium,High,Low,High
886,424,5,3,7,3,8,6,5,7,High,Medium,Low,Medium,Low,High,Medium,Medium,Medium
887,872,6,10,8,8,2,2,1,4,High,Medium,High,High,High,Low,Low,Low,Low
888,116,8,5,6,3,5,3,1,9,High,High,Medium,Medium,Low,Medium,Low,Low,High
889,308,9,10,7,10,3,2,10,9,High,High,High,Medium,High,Low,Low,High,High
890,698,5,9,6,3,6,9,9,9,High,Medium,High,Medium,Low,Medium,High,High,High
891,622,9,10,7,7,6,2,8,4,High,High,High,Medium,Medium,Medium,Low,High,Low
892,103,9,6,4,6,1,3,10,6,High,High,Medium,Low,Medium,Low,Low,High,Medium
893,464,5,4,8,6,4,10,1,6,High,Medium,Low,High,Medium,Low,High,Low,Medium
894,870,10,4,6,3,8,2,3,7,High,High,Low,Medium,Low,High,Low,Low,Medium
895,351,8,5,8,10,1,9,7,7,High,High,Medium,High,High,Low,High,Medium,Medium
896,628,10,10,4,7,1,7,3,9,High,High,High,Low,Medium,Low,Medium,Low,High
897,33,8,5,6,1,8,7,7,2,High,High,Medium,Medium,Low,High,Medium,Medium,Low
898,972,7,9,4,1,1,2,1,10,High,Medium,High,Low,Low,Low,Low,Low,High
899,535,5,10,5,9,9,8,1,9,High,Medium,High,Medium,High,High,High,Low,High
900,959,8,4,5,5,10,7,3,2,High,High,Low,Medium,Medium,High,Medium,Low,Low
901,794,10,4,4,8,6,8,6,9,High,High,Low,Low,High,Medium,High,Medium,High
902,313,5,7,7,3,7,10,1,1,High,Medium,Medium,Medium,Low,Medium,High,Low,Low
903,127,5,8,4,9,7,7,7,6,High,Medium,High,Low,High,Medium,Medium,Medium,Medium
904,245,10,6,4,9,9,2,7,7,High,High,Medium,Low,High,High,Low,Medium,Medium
905,773,9,5,8,9,1,10,4,8,High,High,Medium,High,High,Low,High,Low,High
906,69,8,6,6,1,9,1,9,7,High,High,Medium,Medium,Low,High,Low,High,Medium
907,141,8,6,6,5,4,9,5,2,High,High,Medium,Medium,Medium,Low,High,Medium,Low
908,139,8,3,4,10,6,1,1,5,High,High,Low,Low,High,Medium,Low,Low,Medium
909,398,6,9,6,10,7,4,5,9,High,Medium,High,Medium,High,Medium,Low,Medium,High
910,889,7,6,8,6,6,6,7,10,High,Medium,Medium,High,Medium,Medium,Medium,Medium,High
911,995,6,7,8,3,7,7,8,7,High,Medium,Medium,High,Low,Medium,Medium,High,Medium
912,757,9,5,7,9,7,8,9,1,High,High,Medium,Medium,High,Medium,High,High,Low
913,783,5,2,8,2,8,5,7,3,High,Medium,Low,High,Low,High,Medium,Medium,Low
914,420,5,8,8,6,2,4,10,3,High,Medium,High,High,Medium,Low,Low,High,Low
915,790,7,5,6,2,3,1,6,6,High,Medium,Medium,Medium,Low,Low,Low,Medium,Medium
916,592,7,2,7,10,8,9,5,1,High,Medium,Low,Medium,High,High,High,Medium,Low
917,978,6,5,8,9,6,6,2,9,High,Medium,Medium,High,High,Medium,Medium,Low,High
918,735,6,4,6,1,7,6,1,5,High,Medium,Low,Medium,Low,Medium,Medium,Low,Medium
919,731,5,10,6,9,5,10,5,2,High,Medium,High,Medium,High,Medium,High,Medium,Low
920,932,6,6,4,5,5,3,6,1,High,Medium,Medium,Low,Medium,Medium,Low,Medium,Low
921,497,6,4,8,4,6,10,1,6,High,Medium,Low,High,Low,Medium,High,Low,Medium
922,813,8,10,5,8,4,7,5,2,High,High,High,Medium,High,Low,Medium,Medium,Low
923,2,10,2,7,3,10,4,4,7,Low,High,Low,Medium,Low,High,Low,Low,Medium
924,649,9,2,6,10,4,9,4,2,High,High,Low,Medium,High,Low,High,Low,Low
925,455,8,5,4,2,7,4,1,2,High,High,Medium,Low,Low,Medium,Low,Low,Low
926,593,5,3,5,3,9,10,9,9,High,Medium,Low,Medium,Low,High,High,High,High
927,206,10,8,5,4,8,9,10,6,High,High,High,Medium,Low,High,High,High,Medium
928,847,7,10,5,7,1,9,10,4,High,Medium,High,Medium,Medium,Low,High,High,Low
929,233,8,7,7,7,9,2,8,2,High,High,Medium,Medium,Medium,High,Low,High,Low
930,87,5,10,8,4,8,10,1,9,High,Medium,High,High,Low,High,High,Low,High
931,333,6,3,7,6,9,9,9,1,High,Medium,Low,Medium,Medium,High,High,High,Low
932,738,8,2,5,7,2,7,6,5,High,High,Low,Medium,Medium,Low,Medium,Medium,Medium
933,350,5,6,6,1,8,7,10,10,High,Medium,Medium,Medium,Low,High,Medium,High,High
934,805,8,8,7,10,6,2,2,6,High,High,High,Medium,High,Medium,Low,Low,Medium
935,700,9,8,6,1,9,6,9,1,High,High,High,Medium,Low,High,Medium,High,Low
936,92,7,6,7,3,2,1,7,6,High,Medium,Medium,Medium,Low,Low,Low,Medium,Medium
937,68,5,5,8,8,7,6,10,4,High,Medium,Medium,High,High,Medium,Medium,High,Low
938,746,10,5,6,7,1,1,6,1,High,High,Medium,Medium,Medium,Low,Low,Medium,Low
939,741,7,9,7,3,10,8,10,5,High,Medium,High,Medium,Low,High,High,High,Medium
940,581,9,10,8,2,5,6,7,10,High,High,High,High,Low,Medium,Medium,Medium,High
941,677,9,6,6,9,1,10,7,1,High,High,Medium,Medium,High,Low,High,Medium,Low
942,442,7,8,5,10,8,3,6,4,High,Medium,High,Medium,High,High,Low,Medium,Low
943,749,9,9,5,2,9,1,10,1,High,High,High,Medium,Low,High,Low,High,Low
944,25,5,6,4,10,4,1,8,3,High,Medium,Medium,Low,High,Low,Low,High,Low
945,936,6,7,6,4,1,8,4,10,High,Medium,Medium,Medium,Low,Low,High,Low,High
946,90,9,10,6,7,8,1,2,7,High,High,High,Medium,Medium,High,Low,Low,Medium
947,715,6,9,6,5,9,1,6,6,High,Medium,High,Medium,Medium,High,Low,Medium,Medium
948,240,9,9,7,10,5,7,1,6,High,High,High,Medium,High,Medium,Medium,Low,Medium
949,13,6,6,6,3,10,7,2,1,High,Medium,Medium,Medium,Low,High,Medium,Low,Low
950,126,7,4,6,4,1,5,2,1,High,Medium,Low,Medium,Low,Low,Medium,Low,Low
951,761,5,9,6,10,10,1,10,6,High,Medium,High,Medium,High,High,Low,High,Medium
952,302,8,4,6,7,1,4,1,8,High,High,Low,Medium,Medium,Low,Low,Low,High
953,650,8,4,7,9,10,2,8,3,High,High,Low,Medium,High,High,Low,High,Low
954,365,10,5,5,3,5,2,3,5,High,High,Medium,Medium,Low,Medium,Low,Low,Medium
955,905,5,9,6,8,10,2,1,1,High,Medium,High,Medium,High,High,Low,Low,Low
956,415,9,3,5,1,8,9,9,2,High,High,Low,Medium,Low,High,High,High,Low
957,397,10,7,8,6,6,6,2,6,High,High,Medium,High,Medium,Medium,Medium,Low,Medium
958,435,9,9,7,4,1,1,7,5,High,High,High,Medium,Low,Low,Low,Medium,Medium
959,945,9,3,8,2,4,9,1,1,High,High,Low,High,Low,Low,High,Low,Low
960,930,8,7,5,1,3,7,2,1,High,High,Medium,Medium,Low,Low,Medium,Low,Low
961,687,5,9,7,9,3,1,9,5,High,Medium,High,Medium,High,Low,Low,High,Medium
962,852,5,10,5,4,3,10,8,6,High,Medium,High,Medium,Low,Low,High,High,Medium
963,712,6,5,5,7,8,2,9,7,High,Medium,Medium,Medium,Medium,High,Low,High,Medium
964,470,6,10,6,6,7,1,1,2,High,Medium,High,Medium,Medium,Medium,Low,Low,Low
965,43,6,5,4,1,10,7,4,1,High,Medium,Medium,Low,Low,High,Medium,Low,Low
966,550,5,3,7,8,2,7,7,8,High,Medium,Low,Medium,High,Low,Medium,Medium,High
967,844,8,6,4,1,1,8,10,9,High,High,Medium,Low,Low,Low,High,High,High
968,150,6,5,8,5,2,10,1,6,High,Medium,Medium,High,Medium,Low,High,Low,Medium
969,168,6,3,8,2,8,10,7,3,High,Medium,Low,High,Low,High,High,Medium,Low
970,519,8,7,7,6,10,10,4,3,High,High,Medium,Medium,Medium,High,High,Low,Low
971,531,9,8,7,6,3,8,3,7,High,High,High,Medium,Medium,Low,High,Low,Medium
972,643,9,7,7,7,2,4,3,7,High,High,Medium,Medium,Medium,Low,Low,Low,Medium
973,428,6,9,4,4,8,6,2,5,High,Medium,High,Low,Low,High,Medium,Low,Medium
974,659,9,4,8,10,6,6,3,8,High,High,Low,High,High,Medium,Medium,Low,High
975,766,10,2,4,3,4,6,9,4,High,High,Low,Low,Low,Low,Medium,High,Low
976,732,9,2,6,9,4,2,10,10,High,High,Low,Medium,High,Low,Low,High,High
977,916,10,4,7,3,10,10,7,8,High,High,Low,Medium,Low,High,High,Medium,High
978,979,9,4,7,10,5,2,4,2,High,High,Low,Medium,High,Medium,Low,Low,Low
979,372,5,7,7,9,3,5,10,4,High,Medium,Medium,Medium,High,Low,Medium,High,Low
980,778,9,4,8,9,8,5,7,4,High,High,Low,High,High,High,Medium,Medium,Low
981,579,10,3,7,8,9,1,8,8,High,High,Low,Medium,High,High,Low,High,High
982,320,9,6,7,4,3,9,10,2,High,High,Medium,Medium,Low,Low,High,High,Low
983,645,5,9,6,6,8,5,10,8,High,Medium,High,Medium,Medium,High,Medium,High,High
984,5,6,7,4,2,3,8,10,7,Medium,Medium,Medium,Low,Low,Low,High,High,Medium
985,294,7,5,4,1,6,2,9,6,High,Medium,Medium,Low,Low,Medium,Low,High,Medium
986,117,8,2,5,10,5,4,3,2,High,High,Low,Medium,High,Medium,Low,Low,Low
987,555,9,2,8,7,2,1,3,10,High,High,Low,High,Medium,Low,Low,Low,High
988,29,6,9,5,1,6,10,4,5,High,Medium,High,Medium,Low,Medium,High,Low,Medium
989,259,8,3,8,9,7,4,10,7,High,High,Low,High,High,Medium,Low,High,Medium
990,47,8,4,4,9,10,10,2,6,High,High,Low,Low,High,High,High,Low,Medium
991,678,8,10,5,2,7,4,1,7,High,High,High,Medium,Low,Medium,Low,Low,Medium
992,543,8,2,4,9,3,3,3,4,High,High,Low,Low,High,Low,Low,Low,Low
993,908,5,2,5,3,2,10,4,8,High,Medium,Low,Medium,Low,Low,High,Low,High
994,586,8,2,4,9,8,8,7,7,High,High,Low,Low,High,High,High,Medium,Medium
995,98,9,9,7,2,3,3,8,4,High,High,High,Medium,Low,Low,Low,High,Low
996,55,8,7,6,2,5,7,7,9,High,High,Medium,Medium,Low,Medium,Medium,Medium,High
997,913,5,5,6,5,6,7,6,1,High,Medium,Medium,Medium,Medium,Medium,Medium,Medium,Low
998,199,9,5,8,3,8,1,1,2,High,High,Medium,High,Low,High,Low,Low,Low
999,539,10,2,7,4,3,4,10,1,High,High,Low,Medium,Low,Low,Low,High,Low
1000,759,7,2,4,2,1,5,9,9,High,Medium,Low,Low,Low,Low,Medium,High,High
